Date,Area Planted,Area Harvested,Yield,Beginning Stocks,Production,Imports,Total Supply,Crushings,Exports,Seed,Residual,Total Use,Ending Stocks,World BeginningStocks,World Production,World Imports,World DomesticCrush,World DomesticTotal,World Exports,World EndingStocks,United States BeginningStocks,United States Production,United States Imports,United States DomesticCrush,United States DomesticTotal,United States Exports,United States EndingStocks,Argentina BeginningStocks,Argentina Production,Argentina Imports,Argentina DomesticCrush,Argentina DomesticTotal,Argentina Exports,Argentina EndingStocks,Brazil BeginningStocks,Brazil Production,Brazil Imports,Brazil DomesticCrush,Brazil DomesticTotal,Brazil Exports,Brazil EndingStocks,China BeginningStocks,China Production,China Imports,China DomesticCrush,China DomesticTotal,China Exports,China EndingStocks,Japan BeginningStocks,Japan Production,Japan Imports,Japan DomesticCrush,Japan DomesticTotal,Japan Exports,Japan EndingStocks,Mexico BeginningStocks,Mexico Production,Mexico Imports,Mexico DomesticCrush,Mexico DomesticTotal,Mexico Exports,Mexico EndingStocks,European Union BeginningStocks,European Union Production,European Union Imports,European Union DomesticCrush,European Union DomesticTotal,European Union Exports,European Union EndingStocks
2007-05-11,67.1,66.1,41.5,610.0,2745.0,4.0,3359.0,1790.0,1080.0,85.0,84.0,3039.0,320.0,0.0,0.0,0.0,0.0,0.0,0.0,0.0,0.0,0.0,0.0,0.0,0.0,0.0,0.0,0.0,0.0,0.0,0.0,0.0,0.0,0.0,0.0,0.0,0.0,0.0,0.0,0.0,0.0,0.0,0.0,0.0,0.0,0.0,0.0,0.0,0.0,0.0,0.0,0.0,0.0,0.0,0.0,0.0,0.0,0.0,0.0,0.0,0.0,0.0,0.0,0.0,0.0,0.0,0.0,0.0,0.0
2007-06-11,67.1,66.1,41.5,610.0,2745.0,4.0,3359.0,1790.0,1080.0,85.0,84.0,3039.0,320.0,63.6,225.32,74.89,203.43,234.28,75.53,54.0,16.59,74.71,0.11,48.72,53.31,29.39,8.7,22.06,47.0,1.15,38.5,40.1,8.6,21.51,18.54,61.0,0.06,29.3,32.28,29.69,17.63,3.43,15.6,34.5,39.7,50.0,0.45,3.08,0.27,0.23,4.15,2.93,4.33,0.0,0.32,0.04,0.1,3.88,3.94,3.98,0.0,0.04,1.02,1.05,14.88,14.44,15.89,0.05,1.01
2007-07-12,64.1,63.3,41.5,600.0,2625.0,4.0,3229.0,1800.0,1020.0,85.0,79.0,2985.0,245.0,64.17,222.05,75.31,203.44,234.17,75.49,51.87,16.34,71.44,0.11,48.99,53.47,27.76,6.67,22.93,47.0,1.8,38.5,40.08,10.2,21.46,18.54,61.0,0.06,29.3,32.28,29.69,17.63,3.43,15.6,34.5,39.7,50.0,0.45,3.08,0.27,0.23,4.15,2.93,4.33,0.0,0.32,0.04,0.1,3.95,4.01,4.05,0.0,0.04,1.02,1.05,14.88,14.44,15.89,0.05,1.01
2007-08-10,64.1,63.3,41.5,575.0,2625.0,4.0,3205.0,1800.0,1020.0,85.0,79.0,2985.0,220.0,64.52,221.62,74.09,202.8,233.21,75.38,51.63,15.66,71.45,0.11,48.99,53.47,27.76,5.99,23.55,47.0,1.8,38.5,40.08,10.2,22.07,18.54,61.0,0.06,29.3,32.28,29.69,17.63,3.18,15.2,33.5,38.2,48.45,0.35,3.08,0.27,0.23,4.15,2.93,4.33,0.0,0.32,0.04,0.1,3.95,4.01,4.05,0.0,0.04,1.79,1.05,14.88,15.3,16.75,0.05,0.92
2007-09-12,64.1,63.3,41.4,555.0,2619.0,6.0,3180.0,1825.0,975.0,85.0,79.0,2964.0,215.0,63.07,221.27,74.94,203.47,233.94,74.99,50.35,15.1,71.27,0.16,49.67,54.14,26.54,5.86,22.98,47.0,1.8,38.5,40.08,10.2,21.5,19.04,61.0,0.06,29.3,32.28,30.69,17.13,3.18,15.2,33.5,38.2,48.45,0.35,3.08,0.27,0.23,4.15,2.93,4.33,0.0,0.32,0.04,0.1,3.95,4.01,4.05,0.0,0.04,0.99,1.02,15.68,15.27,16.72,0.05,0.92
2007-10-12,63.7,62.8,41.4,573.0,2598.0,6.0,3177.0,1825.0,975.0,85.0,77.0,2962.0,215.0,62.94,220.99,74.98,202.89,233.28,74.89,50.75,15.59,70.71,0.16,49.67,54.08,26.54,5.84,22.18,47.0,1.8,38.5,40.08,10.2,20.7,19.24,62.0,0.1,29.3,32.28,30.69,18.37,3.18,14.6,33.5,37.6,47.85,0.35,3.08,0.27,0.23,4.15,2.93,4.33,0.0,0.32,0.04,0.1,3.95,4.01,4.05,0.0,0.04,0.99,1.02,15.68,15.27,16.72,0.05,0.92
2007-11-09,63.7,62.8,41.3,573.0,2594.0,6.0,3173.0,1825.0,975.0,86.0,77.0,2963.0,210.0,62.08,220.81,75.2,203.07,233.53,75.22,49.35,15.59,70.61,0.16,49.67,54.12,26.54,5.71,21.93,47.0,2.1,38.5,40.08,10.2,20.75,18.67,62.0,0.1,29.7,32.68,30.69,17.41,3.12,14.3,33.5,37.6,47.85,0.3,2.77,0.27,0.23,4.15,2.93,4.33,0.0,0.32,0.04,0.1,3.95,4.01,4.05,0.0,0.04,0.99,0.94,15.76,15.27,16.72,0.05,0.92
2007-12-11,63.7,62.8,41.3,573.0,2594.0,6.0,3173.0,1830.0,995.0,86.0,77.0,2988.0,185.0,61.11,221.59,75.26,204.74,235.2,75.44,47.32,15.59,70.61,0.16,49.8,54.25,27.08,5.03,21.06,47.0,2.1,38.5,40.06,10.5,19.6,18.67,62.0,0.1,29.7,32.68,30.69,17.41,3.12,14.3,34.0,38.1,48.35,0.3,2.77,0.27,0.23,4.15,2.93,4.33,0.0,0.32,0.04,0.1,3.95,4.01,4.05,0.0,0.04,1.03,0.84,15.25,14.8,16.22,0.05,0.85
2008-01-11,63.6,62.8,41.2,574.0,2585.0,6.0,3165.0,1830.0,995.0,86.0,79.0,2990.0,175.0,61.58,220.34,75.11,204.91,235.26,75.54,46.24,15.62,70.36,0.16,49.8,54.3,27.08,4.76,21.05,47.0,2.1,38.5,40.04,11.2,18.92,18.67,60.5,0.1,29.7,32.68,29.69,16.91,3.12,14.3,34.0,38.1,48.35,0.3,2.77,0.27,0.23,4.15,2.93,4.33,0.0,0.32,0.04,0.1,3.95,4.01,4.05,0.0,0.04,1.47,0.84,15.45,15.0,16.42,0.05,1.3
2008-02-08,63.6,62.8,41.2,574.0,2585.0,6.0,3165.0,1835.0,1005.0,86.0,79.0,3005.0,160.0,61.67,220.07,75.32,204.85,235.5,75.75,45.82,15.62,70.36,0.16,49.94,54.44,27.35,4.35,21.03,47.0,2.1,38.5,40.04,11.2,18.89,18.67,60.5,0.1,29.7,32.68,29.69,16.91,3.12,14.3,34.0,38.1,48.35,0.3,2.77,0.27,0.23,4.15,2.93,4.33,0.0,0.32,0.04,0.1,3.95,4.01,4.05,0.0,0.04,1.46,0.84,15.45,15.0,16.44,0.03,1.29
2008-03-11,63.6,62.8,41.2,574.0,2585.0,6.0,3165.0,1835.0,1025.0,86.0,79.0,3025.0,140.0,63.29,219.85,75.0,205.63,236.03,74.67,47.44,15.62,70.36,0.16,49.94,54.44,27.9,3.81,22.63,47.0,2.4,38.5,40.04,11.5,20.49,18.67,61.0,0.12,31.7,34.68,27.69,17.43,3.12,14.3,34.0,38.1,48.3,0.3,2.82,0.27,0.23,4.1,2.88,4.28,0.0,0.32,0.04,0.1,3.95,4.01,4.05,0.0,0.04,1.46,0.84,14.95,14.5,15.94,0.03,1.29
2008-04-09,63.6,62.8,41.2,574.0,2585.0,10.0,3169.0,1840.0,1075.0,92.0,2.0,3009.0,160.0,63.26,219.99,75.33,205.32,233.83,75.45,49.31,15.62,70.36,0.27,50.08,52.64,29.26,4.36,22.63,47.0,2.4,38.0,39.54,11.5,20.99,18.63,61.0,0.12,31.5,34.48,27.0,18.27,3.12,14.3,34.0,38.05,48.25,0.35,2.82,0.27,0.23,4.1,2.88,4.28,0.0,0.32,0.04,0.1,3.95,4.01,4.05,0.0,0.04,1.46,0.84,14.95,14.5,15.94,0.03,1.29
2008-05-09,63.6,62.8,41.2,574.0,2585.0,10.0,3169.0,1840.0,1090.0,92.0,2.0,3024.0,145.0,63.02,219.72,75.26,205.38,233.63,75.33,49.04,15.62,70.36,0.27,50.08,52.64,29.67,3.95,22.63,47.0,2.4,38.0,39.54,11.5,20.99,18.63,61.0,0.12,31.5,34.48,26.5,18.77,3.12,14.3,34.0,38.05,48.25,0.35,2.82,0.27,0.23,4.1,2.88,4.28,0.0,0.32,0.04,0.08,3.85,3.9,3.94,0.0,0.03,0.0,0.0,0.0,0.0,0.0,0.0,0.0
2008-06-10,63.6,62.8,41.2,574.0,2585.0,10.0,3169.0,1840.0,1110.0,92.0,2.0,3044.0,125.0,62.44,218.8,75.3,205.13,233.52,73.75,49.26,15.62,70.36,0.27,50.08,52.64,30.21,3.4,22.63,47.0,2.4,36.85,38.39,11.5,22.14,18.28,61.0,0.18,32.5,35.68,24.41,19.37,2.66,13.5,34.0,38.05,48.05,0.35,1.76,0.27,0.23,4.1,2.88,4.28,0.0,0.32,0.04,0.08,3.85,3.9,3.94,0.0,0.03,1.12,0.72,15.15,14.7,16.04,0.05,0.91
2008-07-11,63.6,62.8,41.2,574.0,2585.0,10.0,3169.0,1840.0,1145.0,94.0,-35.0,3044.0,125.0,62.46,218.8,75.97,205.1,232.19,76.2,48.84,15.62,70.36,0.27,50.08,51.67,31.16,3.41,22.61,47.0,2.45,36.1,37.62,12.2,22.24,18.28,61.0,0.15,32.5,35.45,25.2,18.78,2.66,13.5,34.4,38.4,48.43,0.35,1.78,0.27,0.23,4.05,2.86,4.26,0.0,0.29,0.04,0.08,3.85,3.9,3.94,0.0,0.03,1.12,0.72,15.3,14.76,16.1,0.05,1.0
2008-08-12,63.6,62.8,41.2,574.0,2585.0,10.0,3169.0,1830.0,1145.0,94.0,-35.0,3034.0,135.0,62.51,218.23,76.07,203.78,230.99,76.58,49.25,15.62,70.36,0.27,49.8,51.41,31.16,3.68,22.61,46.5,2.55,35.8,37.32,12.2,22.14,18.28,61.0,0.15,32.5,35.45,25.65,18.33,2.66,13.5,35.4,38.6,48.65,0.35,2.56,0.27,0.23,4.05,2.86,4.26,0.0,0.29,0.04,0.08,3.75,3.8,3.84,0.0,0.03,1.12,0.72,14.5,13.94,15.38,0.04,0.92
2008-09-12,63.6,62.8,41.2,574.0,2585.0,10.0,3169.0,1815.0,1155.0,94.0,-35.0,3029.0,140.0,62.65,218.22,78.3,202.95,230.08,78.97,50.13,15.62,70.36,0.27,49.4,51.0,31.43,3.81,22.61,46.5,2.95,35.35,36.87,13.5,21.69,18.19,61.0,0.15,32.25,35.2,25.5,18.64,2.66,13.5,36.5,38.75,48.85,0.45,3.36,0.27,0.23,4.05,2.86,4.26,0.0,0.29,0.04,0.08,3.75,3.8,3.84,0.0,0.03,1.12,0.73,15.4,14.84,16.18,0.04,1.02
2008-10-10,64.7,64.1,41.7,574.0,2676.0,10.0,3260.0,1801.0,1160.0,95.0,-2.0,3055.0,205.0,62.65,220.69,77.6,201.15,229.12,79.14,52.68,15.62,72.82,0.27,49.02,51.56,31.57,5.58,22.61,46.5,2.95,34.9,36.42,13.5,22.14,18.19,61.0,0.15,32.0,34.96,25.38,19.0,2.66,13.5,36.5,38.75,48.85,0.45,3.36,0.27,0.23,4.05,2.86,4.26,0.0,0.29,0.04,0.08,3.65,3.7,3.74,0.0,0.03,1.12,0.73,15.0,14.44,15.78,0.04,1.02
2008-11-10,64.7,64.1,41.7,574.0,2676.0,10.0,3260.0,1801.0,1161.0,93.0,-1.0,3054.0,205.0,62.68,220.89,78.86,201.96,229.96,79.43,53.04,15.62,72.82,0.27,49.02,51.53,31.6,5.58,22.61,46.2,3.0,34.61,36.16,13.78,21.86,18.19,61.0,0.15,32.02,34.97,25.36,19.0,2.7,14.0,37.81,39.52,49.82,0.45,4.24,0.27,0.23,4.01,2.89,4.22,0.0,0.29,0.04,0.08,3.65,3.7,3.74,0.0,0.03,1.12,0.73,15.1,14.87,16.11,0.04,0.8
2008-12-12,64.7,64.1,41.7,574.0,2676.0,10.0,3260.0,1801.0,1161.0,93.0,-1.0,3054.0,205.0,62.68,220.86,78.6,201.71,229.57,79.48,53.1,15.62,72.82,0.27,49.02,51.53,31.6,5.58,22.61,46.2,2.95,34.61,36.16,13.83,21.77,18.19,61.0,0.15,31.86,34.82,25.36,19.16,2.7,14.0,37.82,39.52,49.82,0.45,4.25,0.27,0.23,4.01,2.89,4.22,0.0,0.29,0.04,0.08,3.65,3.7,3.74,0.0,0.03,1.12,0.73,15.1,14.87,16.11,0.04,0.8
2009-01-12,64.7,64.1,41.7,574.0,2677.0,10.0,3261.0,1801.0,1161.0,93.0,0.0,3056.0,205.0,62.68,220.89,78.64,201.71,229.62,79.48,53.1,15.62,72.86,0.27,49.02,51.57,31.6,5.58,22.61,46.2,2.95,34.61,36.16,13.83,21.77,18.19,61.0,0.15,31.86,34.82,25.36,19.16,2.7,14.0,37.82,39.52,49.82,0.45,4.25,0.27,0.23,4.01,2.89,4.22,0.0,0.29,0.04,0.08,3.65,3.7,3.74,0.0,0.03,1.12,0.73,15.15,14.87,16.14,0.04,0.82
2009-02-10,64.7,64.1,41.7,574.0,2677.0,10.0,3261.0,1801.0,1161.0,93.0,0.0,3056.0,205.0,62.69,220.88,78.89,201.68,229.78,79.48,53.21,15.62,72.86,0.27,49.02,51.57,31.6,5.58,22.61,46.2,2.95,34.61,36.16,13.83,21.77,18.19,61.0,0.15,31.84,34.79,25.36,19.18,2.7,14.0,37.82,39.52,49.82,0.45,4.25,0.27,0.23,4.01,2.89,4.22,0.0,0.29,0.04,0.08,3.65,3.7,3.74,0.0,0.03,1.12,0.73,15.15,14.87,16.14,0.04,0.82
2009-03-11,64.7,64.1,41.7,574.0,2677.0,10.0,3261.0,1801.0,1161.0,93.0,0.0,3056.0,205.0,62.69,220.88,78.85,201.66,229.75,79.48,53.19,15.62,72.86,0.27,49.02,51.57,31.6,5.58,22.61,46.2,2.95,34.61,36.16,13.83,21.77,18.19,61.0,0.15,31.84,34.79,25.36,19.18,2.7,14.0,37.82,39.52,49.82,0.45,4.25,0.27,0.23,4.01,2.89,4.22,0.0,0.29,0.04,0.08,3.65,3.7,3.74,0.0,0.03,1.12,0.73,15.15,14.87,16.14,0.04,0.82
2009-04-09,64.7,64.1,41.7,574.0,2677.0,10.0,3261.0,1801.0,1161.0,93.0,0.0,3056.0,205.0,62.69,220.84,78.81,201.74,229.75,79.5,53.09,15.62,72.86,0.27,49.02,51.57,31.6,5.58,22.61,46.2,2.95,34.61,36.16,13.84,21.76,18.19,61.0,0.15,31.94,34.9,25.36,19.07,2.7,14.0,37.82,39.52,49.82,0.45,4.25,0.27,0.23,4.01,2.89,4.22,0.0,0.29,0.04,0.08,3.65,3.7,3.74,0.0,0.03,1.12,0.73,15.15,14.87,16.14,0.04,0.82
2008-05-09,74.8,73.8,42.1,145.0,3105.0,8.0,3258.0,1850.0,1050.0,90.0,82.0,3073.0,185.0,0.0,0.0,0.0,0.0,0.0,0.0,0.0,0.0,0.0,0.0,0.0,0.0,0.0,0.0,0.0,0.0,0.0,0.0,0.0,0.0,0.0,0.0,0.0,0.0,0.0,0.0,0.0,0.0,0.0,0.0,0.0,0.0,0.0,0.0,0.0,0.0,0.0,0.0,0.0,0.0,0.0,0.0,0.0,0.0,0.0,0.0,0.0,0.0,0.0,0.0,0.0,0.0,0.0,0.0,0.0,0.0
2008-06-10,74.8,73.8,42.1,125.0,3105.0,8.0,3238.0,1840.0,1050.0,90.0,82.0,3063.0,175.0,49.26,240.67,76.22,208.36,239.44,76.29,50.41,3.4,84.5,0.22,50.08,54.77,28.58,4.78,22.14,48.0,2.5,38.0,39.54,11.15,21.95,19.37,64.0,0.2,32.5,35.83,28.55,19.2,1.76,16.0,35.5,40.8,51.05,0.38,1.83,0.32,0.23,4.1,2.92,4.34,0.0,0.31,0.03,0.1,3.64,3.71,3.74,0.0,0.03,0.91,0.77,14.2,13.55,14.97,0.05,0.87
2008-07-11,74.5,72.1,41.6,125.0,3000.0,10.0,3135.0,1830.0,1000.0,90.0,76.0,2996.0,140.0,48.84,237.8,76.38,207.33,237.87,76.28,48.87,3.41,81.65,0.27,49.8,54.31,27.22,3.8,22.24,48.0,2.65,37.2,38.74,12.2,21.95,18.78,64.0,0.16,32.5,35.5,28.85,18.59,1.78,16.0,35.5,40.8,51.05,0.38,1.86,0.29,0.23,4.05,2.84,4.26,0.0,0.31,0.03,0.1,3.64,3.71,3.74,0.0,0.03,1.0,0.77,14.15,13.55,14.97,0.05,0.91
2008-08-12,74.8,73.3,40.5,135.0,2973.0,8.0,3116.0,1815.0,1000.0,90.0,75.0,2980.0,135.0,49.25,237.36,76.23,207.67,237.88,75.67,49.28,3.68,80.9,0.22,49.4,53.89,27.22,3.69,22.14,49.5,2.65,37.7,39.24,12.9,22.15,18.33,62.5,0.16,32.5,35.5,27.5,17.99,2.56,16.0,36.0,41.02,51.27,0.4,2.89,0.29,0.23,4.05,2.84,4.26,0.0,0.31,0.03,0.1,3.64,3.71,3.74,0.0,0.03,0.92,0.65,13.65,13.3,14.41,0.04,0.78
2008-09-12,74.8,73.3,40.0,140.0,2934.0,10.0,3084.0,1785.0,1000.0,90.0,74.0,2949.0,135.0,50.13,237.99,77.47,206.38,236.76,77.6,51.23,3.81,79.85,0.27,48.58,53.05,27.22,3.67,21.69,50.5,3.33,37.5,39.04,13.9,22.58,18.64,62.5,0.16,32.5,35.5,27.5,18.3,3.36,16.5,36.0,41.22,51.57,0.4,3.89,0.29,0.23,4.05,2.84,4.26,0.0,0.31,0.03,0.1,3.64,3.71,3.74,0.0,0.03,1.02,0.63,14.35,13.8,14.99,0.04,0.98
2008-10-10,77.0,75.5,39.5,205.0,2983.0,7.0,3195.0,1760.0,1050.0,90.0,75.0,2975.0,220.0,52.68,239.43,77.15,204.88,235.19,78.84,55.24,5.58,81.19,0.19,47.9,52.4,28.58,5.98,22.14,50.5,3.35,37.0,38.54,14.1,23.35,19.0,62.5,0.15,32.5,35.5,27.0,19.15,3.36,16.5,36.0,41.22,51.57,0.4,3.89,0.29,0.23,4.05,2.84,4.26,0.0,0.31,0.03,0.1,3.64,3.7,3.74,0.0,0.03,1.02,0.65,14.15,13.55,14.74,0.04,1.05
2008-11-10,75.9,74.4,39.3,205.0,2921.0,7.0,3133.0,1745.0,1020.0,90.0,72.0,2928.0,205.0,53.04,235.74,77.11,203.6,233.96,77.87,54.06,5.58,79.49,0.19,47.49,51.92,27.76,5.58,21.86,50.5,3.4,36.2,37.79,15.2,22.77,19.0,60.0,0.15,32.1,35.1,25.7,18.35,4.24,16.8,36.0,41.47,51.87,0.45,4.72,0.29,0.23,4.05,2.84,4.26,0.0,0.31,0.03,0.16,3.59,3.7,3.74,0.0,0.04,0.8,0.75,14.15,13.65,14.86,0.03,0.81
2008-12-12,75.9,74.4,39.3,205.0,2921.0,7.0,3133.0,1715.0,1050.0,90.0,72.0,2927.0,205.0,53.1,234.65,76.1,202.2,232.58,77.08,54.19,5.58,79.49,0.19,46.68,51.1,28.58,5.58,21.77,50.5,2.7,35.9,37.49,14.7,22.78,19.16,59.0,0.1,31.5,34.51,25.25,18.5,4.25,16.8,36.0,41.47,51.87,0.45,4.72,0.29,0.23,4.0,2.84,4.26,0.0,0.26,0.03,0.16,3.59,3.7,3.74,0.0,0.04,0.8,0.75,14.15,13.65,14.86,0.03,0.81
2009-01-12,75.7,74.6,39.6,205.0,2959.0,9.0,3173.0,1685.0,1100.0,90.0,73.0,2948.0,225.0,53.1,233.2,75.94,200.71,231.11,77.19,53.94,5.58,80.54,0.25,45.86,50.31,29.94,6.12,21.77,49.5,2.54,35.62,37.21,14.4,22.19,19.16,59.0,0.05,31.5,34.51,25.25,18.45,4.25,16.8,36.0,41.47,51.87,0.45,4.72,0.29,0.23,4.0,2.84,4.26,0.0,0.26,0.03,0.16,3.59,3.7,3.74,0.0,0.04,0.82,0.75,14.15,13.65,14.88,0.03,0.81
2009-02-10,75.7,74.6,39.6,205.0,2959.0,9.0,3173.0,1650.0,1150.0,90.0,73.0,2963.0,210.0,53.21,224.15,73.99,196.22,226.62,74.85,49.87,5.58,80.54,0.25,44.91,49.35,31.3,5.71,21.77,43.8,1.9,33.72,35.3,12.7,19.47,19.18,57.0,0.05,31.2,34.21,24.9,17.12,4.25,16.8,36.0,41.1,51.5,0.45,5.09,0.29,0.23,4.0,2.84,4.26,0.0,0.26,0.03,0.16,3.4,3.52,3.55,0.0,0.04,0.82,0.75,13.55,13.05,14.28,0.03,0.81
2009-03-11,75.7,74.6,39.6,205.0,2959.0,9.0,3173.0,1640.0,1185.0,90.0,73.0,2988.0,185.0,53.19,223.27,74.03,195.34,225.74,74.81,49.95,5.58,80.54,0.25,44.63,49.08,32.25,5.03,21.77,43.0,1.9,33.72,35.3,11.7,19.67,19.18,57.0,0.05,31.2,34.21,24.9,17.12,4.25,16.8,36.0,40.6,51.0,0.45,5.59,0.29,0.23,4.0,2.84,4.26,0.0,0.26,0.03,0.16,3.4,3.52,3.55,0.0,0.04,0.82,0.75,13.55,13.05,14.28,0.03,0.81
2009-04-09,75.7,74.6,39.6,205.0,2959.0,12.0,3176.0,1635.0,1210.0,94.0,73.0,3011.0,165.0,53.09,218.76,73.47,195.09,225.4,74.08,45.84,5.58,80.54,0.33,44.5,49.03,32.93,4.48,21.76,39.0,1.75,33.72,35.31,10.1,17.1,19.07,57.0,0.05,31.65,34.58,25.14,16.4,4.25,16.8,36.0,40.6,51.0,0.45,5.59,0.29,0.23,4.0,2.84,4.26,0.0,0.26,0.03,0.16,3.4,3.52,3.55,0.0,0.04,0.82,0.75,13.05,12.75,13.98,0.03,0.61
2009-05-12,75.7,74.6,39.6,205.0,2959.0,12.0,3176.0,1640.0,1240.0,94.0,73.0,3046.0,130.0,53.09,212.79,72.34,192.76,222.49,73.18,42.55,5.58,80.54,0.33,44.63,49.17,33.75,3.53,21.76,34.0,1.0,32.0,33.36,7.4,16.0,19.07,57.0,0.05,32.0,34.97,26.25,14.9,4.25,16.0,37.5,40.6,50.95,0.45,6.34,0.27,0.23,3.65,2.58,3.97,0.0,0.18,0.02,0.16,3.45,3.57,3.6,0.0,0.03,0.81,0.65,13.05,12.75,13.98,0.03,0.51
2009-06-10,75.7,74.6,39.6,205.0,2959.0,12.0,3176.0,1650.0,1250.0,94.0,73.0,3066.0,110.0,52.92,210.91,72.35,192.3,221.77,72.56,41.85,5.58,80.54,0.33,44.91,49.44,34.02,2.99,21.76,32.0,1.0,32.0,33.36,5.4,16.0,18.9,57.0,0.05,31.8,34.77,27.24,13.94,4.25,16.0,38.8,41.04,51.34,0.45,7.26,0.27,0.23,3.45,2.54,3.85,0.0,0.1,0.02,0.16,3.1,3.22,3.25,0.0,0.03,0.81,0.65,12.8,12.5,13.73,0.03,0.51
2009-07-10,75.7,74.6,39.6,205.0,2959.0,15.0,3179.0,1655.0,1260.0,95.0,59.0,3070.0,110.0,52.92,210.62,73.21,192.84,221.95,73.77,41.04,5.58,80.54,0.41,45.04,49.25,34.29,2.98,21.76,32.0,1.6,32.8,34.16,5.97,15.24,18.9,57.0,0.05,31.8,34.77,27.5,13.68,4.25,16.0,39.1,41.04,51.34,0.5,7.51,0.27,0.23,3.45,2.54,3.85,0.0,0.1,0.02,0.16,3.1,3.22,3.25,0.0,0.03,0.81,0.65,12.8,12.5,13.73,0.03,0.51
2009-08-12,75.7,74.6,39.6,205.0,2959.0,15.0,3179.0,1660.0,1265.0,96.0,48.0,3069.0,110.0,52.92,210.62,73.39,192.8,221.62,74.31,41.0,5.58,80.54,0.41,45.18,49.09,34.43,3.0,21.76,32.0,1.6,32.8,34.16,5.97,15.24,18.9,57.0,0.05,31.8,34.77,27.8,13.38,4.25,16.0,39.1,41.04,51.34,0.5,7.51,0.27,0.23,3.45,2.54,3.85,0.0,0.1,0.02,0.16,3.1,3.22,3.25,0.0,0.03,0.81,0.65,12.8,12.5,13.73,0.03,0.51
2009-09-11,75.7,74.6,39.6,205.0,2959.0,15.0,3179.0,1660.0,1280.0,96.0,33.0,3069.0,110.0,52.91,210.72,74.35,193.01,221.43,76.32,40.22,5.58,80.54,0.41,45.18,48.68,34.84,3.0,21.76,32.0,1.6,32.8,34.16,5.97,15.24,18.9,57.0,0.05,31.8,34.77,29.35,11.83,4.25,16.0,39.8,41.04,51.34,0.47,8.24,0.27,0.23,3.45,2.54,3.85,0.0,0.1,0.02,0.16,3.1,3.22,3.25,0.0,0.03,0.81,0.65,12.8,12.5,13.73,0.03,0.51
2009-10-09,75.7,74.7,39.7,205.0,2967.0,15.0,3187.0,1662.0,1280.0,95.0,11.0,3049.0,138.0,52.91,210.64,75.24,191.98,219.8,76.93,42.05,5.58,80.75,0.41,45.23,48.14,34.84,3.76,21.76,32.0,1.29,31.73,33.09,5.89,16.08,18.9,57.0,0.05,31.4,34.37,29.99,11.6,4.25,15.5,40.7,41.04,51.34,0.42,8.69,0.27,0.23,3.45,2.54,3.85,0.0,0.1,0.02,0.16,3.1,3.22,3.25,0.0,0.03,0.81,0.65,13.0,12.7,13.93,0.03,0.51
2009-11-10,75.7,74.7,39.7,205.0,2967.0,13.0,3185.0,1662.0,1283.0,95.0,6.0,3047.0,138.0,52.91,210.84,75.92,192.62,220.43,76.85,42.39,5.58,80.75,0.36,45.23,48.0,34.93,3.76,21.76,32.0,1.29,31.91,33.27,5.75,16.03,18.9,57.0,0.05,31.4,34.3,29.99,11.67,4.25,15.5,41.1,41.04,51.44,0.4,9.01,0.27,0.23,3.4,2.5,3.8,0.0,0.09,0.02,0.16,3.1,3.22,3.25,0.0,0.03,0.81,0.65,13.0,12.83,14.06,0.02,0.39
2009-12-10,75.7,74.7,39.7,205.0,2967.0,13.0,3185.0,1662.0,1283.0,95.0,6.0,3047.0,138.0,52.91,210.87,75.97,192.63,220.45,76.89,42.41,5.58,80.75,0.36,45.23,48.0,34.93,3.76,21.76,32.0,1.29,31.91,33.27,5.75,16.03,18.9,57.0,0.05,31.4,34.3,29.99,11.67,4.25,15.5,41.1,41.04,51.44,0.4,9.01,0.27,0.23,3.4,2.5,3.8,0.0,0.09,0.02,0.16,3.1,3.22,3.25,0.0,0.03,0.81,0.64,13.0,12.83,14.06,0.02,0.38
2010-01-12,75.7,74.7,39.7,205.0,2967.0,13.0,3185.0,1662.0,1283.0,95.0,6.0,3047.0,138.0,52.95,210.86,76.47,192.88,220.67,76.73,42.87,5.58,80.75,0.36,45.23,48.0,34.93,3.76,21.76,32.0,1.29,31.91,33.27,5.59,16.19,18.9,57.0,0.05,31.4,34.3,29.99,11.67,4.25,15.5,41.1,41.04,51.44,0.4,9.01,0.27,0.23,3.4,2.5,3.8,0.0,0.09,0.06,0.15,3.33,3.47,3.5,0.0,0.04,0.81,0.64,13.3,12.83,14.06,0.02,0.68
2010-02-09,75.7,74.7,39.7,205.0,2967.0,13.0,3185.0,1662.0,1283.0,95.0,6.0,3047.0,138.0,52.95,210.86,77.17,194.55,222.55,76.79,41.64,5.58,80.75,0.36,45.23,48.0,34.93,3.76,21.76,32.0,1.29,31.91,33.27,5.59,16.19,18.9,57.0,0.04,32.51,35.41,29.99,10.55,4.25,15.5,41.1,41.04,51.44,0.4,9.01,0.27,0.23,3.4,2.5,3.8,0.0,0.09,0.06,0.15,3.33,3.47,3.5,0.0,0.04,0.81,0.64,13.21,12.86,14.09,0.02,0.56
2010-03-10,75.7,74.7,39.7,205.0,2967.0,13.0,3185.0,1662.0,1283.0,90.0,12.0,3047.0,138.0,52.96,210.9,77.2,193.9,222.09,76.94,42.02,5.58,80.75,0.36,45.23,48.0,34.93,3.76,21.76,32.0,1.29,31.26,32.84,5.59,16.61,18.9,57.0,0.04,32.51,35.41,29.99,10.55,4.25,15.54,41.1,41.04,51.44,0.4,9.05,0.27,0.23,3.4,2.5,3.8,0.0,0.09,0.06,0.15,3.33,3.47,3.5,0.0,0.04,0.81,0.64,13.21,12.86,14.09,0.02,0.56
2010-04-09,75.7,74.7,39.7,205.0,2967.0,13.0,3185.0,1662.0,1283.0,90.0,12.0,3047.0,138.0,52.96,211.77,77.2,193.9,222.16,76.94,42.82,5.58,80.75,0.36,45.23,48.0,34.93,3.76,21.76,32.0,1.29,31.26,32.84,5.59,16.61,18.9,57.8,0.04,32.51,35.41,29.99,11.35,4.25,15.54,41.1,41.04,51.44,0.4,9.05,0.27,0.23,3.4,2.5,3.8,0.0,0.09,0.06,0.15,3.33,3.47,3.5,0.0,0.04,0.81,0.64,13.21,12.86,14.09,0.02,0.56
2009-05-12,76.0,75.0,42.6,130.0,3195.0,12.0,3337.0,1675.0,1260.0,92.0,79.0,3107.0,230.0,42.55,241.72,74.4,200.83,231.49,75.3,51.88,3.53,86.95,0.33,45.59,50.26,34.29,6.26,16.0,51.0,0.0,35.1,36.73,9.4,20.88,14.9,60.0,0.15,31.6,34.64,24.0,16.42,6.34,15.6,38.1,43.05,53.35,0.4,6.29,0.18,0.23,3.95,2.75,4.11,0.0,0.25,0.03,0.16,3.49,3.62,3.65,0.0,0.03,0.51,0.8,12.9,12.6,13.73,0.03,0.45
2009-06-10,76.0,75.0,42.6,110.0,3195.0,12.0,3317.0,1675.0,1260.0,92.0,79.0,3107.0,210.0,41.85,241.67,74.4,201.0,231.55,75.35,51.02,2.99,86.95,0.33,45.59,50.26,34.29,5.72,16.0,51.0,0.0,35.1,36.73,9.4,20.88,13.94,60.0,0.15,31.6,34.64,24.0,15.46,7.26,15.6,38.1,43.25,53.45,0.45,7.06,0.1,0.23,3.95,2.75,4.11,0.0,0.17,0.03,0.16,3.49,3.62,3.65,0.0,0.03,0.51,0.8,12.9,12.6,13.73,0.03,0.45
2009-07-10,77.5,76.5,42.6,110.0,3260.0,10.0,3380.0,1680.0,1275.0,94.0,81.0,3130.0,250.0,41.04,243.73,74.84,201.29,231.92,75.86,51.83,2.98,88.72,0.27,45.72,50.49,34.7,6.79,15.24,51.0,0.5,35.1,36.73,9.4,20.61,13.68,60.0,0.15,31.6,34.64,24.0,15.2,7.51,15.6,38.1,43.25,53.45,0.5,7.26,0.1,0.23,3.95,2.75,4.11,0.0,0.17,0.03,0.16,3.49,3.62,3.65,0.0,0.03,0.51,0.8,12.9,12.6,13.73,0.03,0.45
2009-08-12,77.7,76.8,41.7,110.0,3199.0,10.0,3320.0,1670.0,1265.0,94.0,80.0,3109.0,210.0,41.0,242.07,74.54,200.72,231.34,75.96,50.32,3.0,87.07,0.27,45.45,50.19,34.43,5.72,15.24,51.0,0.5,35.1,36.73,9.7,20.31,13.38,60.0,0.15,31.6,34.64,24.0,14.9,7.51,15.4,38.1,43.25,53.45,0.5,7.06,0.1,0.23,3.95,2.75,4.11,0.0,0.17,0.03,0.16,3.49,3.62,3.65,0.0,0.03,0.51,0.95,12.4,12.1,13.24,0.03,0.59
2009-09-11,77.7,76.8,42.3,110.0,3245.0,10.0,3366.0,1690.0,1280.0,94.0,81.0,3145.0,220.0,40.22,243.94,75.04,201.01,231.63,77.04,50.53,3.0,88.32,0.27,45.99,50.77,34.84,6.0,15.24,51.0,0.5,35.5,37.13,9.7,19.91,11.83,62.0,0.15,31.6,34.64,24.45,14.9,8.24,15.0,38.5,43.4,53.65,0.5,7.59,0.1,0.23,3.95,2.75,4.11,0.0,0.17,0.03,0.12,3.54,3.62,3.65,0.0,0.03,0.51,0.95,12.4,12.1,13.24,0.03,0.59
2009-10-09,77.5,76.6,42.4,138.0,3250.0,10.0,3398.0,1690.0,1305.0,94.0,79.0,3169.0,230.0,42.05,246.07,76.14,201.02,231.62,77.85,54.79,3.76,88.45,0.27,45.99,50.72,35.52,6.25,16.08,52.5,0.5,35.0,36.63,9.7,22.75,11.6,62.0,0.15,31.6,34.64,23.65,15.47,8.69,14.5,39.5,43.8,54.05,0.5,8.14,0.1,0.23,3.95,2.75,4.11,0.0,0.17,0.03,0.12,3.54,3.62,3.65,0.0,0.03,0.51,0.95,12.4,12.1,13.24,0.03,0.59
2009-11-10,77.5,76.6,43.3,138.0,3319.0,8.0,3465.0,1695.0,1325.0,94.0,81.0,3195.0,270.0,42.39,250.23,77.49,202.49,233.36,79.37,57.39,3.76,90.34,0.22,46.13,50.9,36.06,7.36,16.03,53.0,0.5,35.0,36.63,10.15,22.75,11.67,63.0,0.15,31.84,34.79,23.95,16.08,9.01,14.5,40.5,44.1,54.63,0.5,8.88,0.09,0.23,3.95,2.75,4.11,0.0,0.16,0.03,0.12,3.54,3.62,3.65,0.0,0.03,0.39,1.0,12.7,12.3,13.45,0.03,0.61
2009-12-10,77.5,76.6,43.3,138.0,3319.0,8.0,3465.0,1695.0,1340.0,94.0,81.0,3210.0,255.0,42.41,250.25,77.79,202.95,233.75,79.61,57.09,3.76,90.34,0.22,46.13,50.9,36.47,6.95,16.03,53.0,0.3,35.0,36.63,10.15,22.55,11.67,63.0,0.15,31.84,34.79,23.75,16.28,9.01,14.5,41.0,44.48,55.01,0.5,9.0,0.09,0.23,3.95,2.75,4.11,0.0,0.16,0.03,0.12,3.54,3.62,3.65,0.0,0.03,0.38,0.99,12.7,12.3,13.45,0.03,0.59
2010-01-12,77.5,76.4,44.0,138.0,3361.0,8.0,3507.0,1710.0,1375.0,94.0,83.0,3262.0,245.0,42.87,253.38,78.91,203.86,234.75,80.61,59.8,3.76,91.47,0.22,46.54,51.36,37.42,6.67,16.19,53.0,0.15,35.0,36.63,9.85,22.86,11.67,65.0,0.15,32.1,35.05,24.0,17.77,9.01,14.5,42.0,44.78,55.31,0.5,9.7,0.09,0.23,3.95,2.75,4.11,0.0,0.16,0.04,0.11,3.5,3.56,3.6,0.0,0.05,0.68,0.99,13.0,12.6,13.85,0.03,0.79
2010-02-09,77.5,76.4,44.0,138.0,3361.0,8.0,3507.0,1720.0,1400.0,94.0,83.0,3297.0,210.0,41.64,255.02,79.58,204.22,235.12,81.39,59.73,3.76,91.47,0.22,46.81,51.64,38.1,5.71,16.19,53.0,0.0,35.3,36.94,7.85,24.4,10.55,66.0,0.15,31.6,34.55,25.3,16.85,9.01,14.5,42.5,44.93,55.46,0.5,10.05,0.09,0.23,3.95,2.75,4.11,0.0,0.16,0.04,0.11,3.5,3.56,3.6,0.0,0.05,0.56,0.99,13.0,12.5,13.77,0.03,0.75
2010-03-10,77.5,76.4,44.0,138.0,3359.0,15.0,3512.0,1730.0,1420.0,89.0,83.0,3322.0,190.0,42.02,255.91,79.78,204.95,235.86,81.18,60.67,3.76,91.42,0.41,47.08,51.77,38.65,5.17,16.61,53.0,0.0,36.0,37.63,7.0,24.98,10.55,67.0,0.15,32.0,34.95,25.6,17.15,9.05,14.5,42.5,45.15,55.68,0.4,9.97,0.09,0.23,3.95,2.75,4.11,0.0,0.16,0.04,0.11,3.5,3.56,3.6,0.0,0.05,0.56,0.99,13.0,12.5,13.77,0.03,0.75
2010-04-09,77.5,76.4,44.0,138.0,3359.0,15.0,3512.0,1730.0,1445.0,91.0,57.0,3323.0,190.0,42.82,257.46,80.78,205.26,235.69,82.41,62.96,3.76,91.42,0.41,47.08,51.1,39.33,5.16,16.61,54.0,0.0,36.4,38.03,7.0,25.58,11.35,67.5,0.15,31.5,34.45,26.3,18.25,9.05,14.5,43.5,46.0,56.53,0.25,10.27,0.09,0.23,3.6,2.4,3.76,0.0,0.16,0.04,0.11,3.5,3.56,3.6,0.0,0.05,0.56,0.99,13.0,12.5,13.77,0.03,0.75
2010-05-11,77.5,76.4,44.0,138.0,3359.0,15.0,3512.0,1735.0,1455.0,91.0,42.0,3323.0,190.0,43.04,258.0,83.23,205.32,235.11,85.39,63.76,3.76,91.42,0.41,47.22,50.83,39.6,5.16,16.63,54.0,0.0,34.83,36.46,7.5,26.67,11.4,68.0,0.19,31.5,34.4,28.35,16.83,9.05,14.5,46.0,47.28,57.81,0.25,11.49,0.18,0.23,3.6,2.53,3.83,0.0,0.18,0.04,0.11,3.45,3.51,3.55,0.0,0.05,0.56,0.86,13.0,12.5,13.77,0.03,0.62
2010-06-10,77.5,76.4,44.0,138.0,3359.0,15.0,3512.0,1740.0,1455.0,91.0,42.0,3328.0,185.0,43.66,259.2,84.15,205.22,235.2,86.35,65.47,3.76,91.42,0.41,47.36,50.96,39.6,5.02,16.59,54.0,0.0,34.83,36.42,7.5,26.67,12.04,69.0,0.19,31.5,34.4,29.35,17.47,9.05,14.7,47.0,47.28,57.88,0.25,12.62,0.18,0.23,3.6,2.53,3.83,0.0,0.18,0.04,0.11,3.45,3.51,3.55,0.0,0.05,0.56,0.86,13.0,12.5,13.77,0.04,0.61
2010-07-09,77.5,76.4,44.0,138.0,3359.0,15.0,3512.0,1745.0,1460.0,92.0,41.0,3338.0,175.0,43.66,259.7,85.15,205.61,235.58,87.58,65.35,3.76,91.42,0.41,47.49,51.1,39.74,4.75,16.59,54.5,0.0,34.53,36.12,9.5,25.47,12.04,69.0,0.19,32.05,34.95,28.35,17.92,9.05,14.7,48.0,47.28,57.88,0.25,13.62,0.18,0.23,3.6,2.53,3.83,0.0,0.18,0.04,0.11,3.45,3.51,3.55,0.0,0.05,0.56,0.86,13.0,12.5,13.77,0.04,0.61
2010-08-12,77.5,76.4,44.0,138.0,3359.0,15.0,3512.0,1750.0,1470.0,92.0,41.0,3353.0,160.0,43.97,259.9,86.66,207.65,237.44,89.58,63.52,3.76,91.42,0.41,47.63,51.24,40.01,4.34,16.59,54.5,0.0,33.53,35.12,11.0,24.97,12.04,69.0,0.19,33.28,36.18,28.35,16.7,9.05,14.7,49.5,48.48,59.08,0.25,13.92,0.18,0.23,3.6,2.53,3.83,0.0,0.18,0.04,0.11,3.45,3.51,3.55,0.0,0.05,0.56,0.86,13.0,12.5,13.77,0.04,0.61
2010-09-10,77.5,76.4,44.0,138.0,3359.0,15.0,3512.0,1750.0,1495.0,92.0,26.0,3363.0,150.0,43.97,259.89,87.13,207.92,237.31,90.84,62.85,3.76,91.42,0.41,47.63,50.83,40.69,4.07,16.59,54.5,0.0,33.45,35.04,11.5,24.55,12.04,69.0,0.19,33.28,36.18,28.45,16.6,9.05,14.7,50.0,48.68,59.28,0.2,14.27,0.18,0.23,3.6,2.53,3.83,0.0,0.18,0.04,0.11,3.45,3.51,3.55,0.0,0.05,0.56,0.86,12.9,12.5,13.77,0.04,0.51
2010-10-08,77.5,76.4,44.0,138.0,3359.0,15.0,3512.0,1752.0,1498.0,90.0,21.0,3361.0,151.0,43.98,259.92,87.72,209.22,238.43,92.75,60.44,3.76,91.42,0.41,47.67,50.71,40.77,4.11,16.59,54.5,0.0,33.93,35.51,13.1,22.48,12.04,69.0,0.19,33.57,36.47,28.58,16.17,9.05,14.7,50.5,48.83,59.43,0.2,14.62,0.18,0.23,3.6,2.53,3.83,0.0,0.18,0.04,0.11,3.45,3.51,3.55,0.0,0.05,0.56,0.86,12.9,12.5,13.77,0.04,0.51
2010-11-09,77.5,76.4,44.0,138.0,3359.0,15.0,3512.0,1752.0,1501.0,90.0,18.0,3361.0,151.0,44.02,260.11,87.46,209.33,238.49,92.69,60.4,3.76,91.42,0.4,47.67,50.61,40.85,4.11,16.59,54.5,0.0,33.96,35.54,13.0,22.55,12.04,69.0,0.17,33.67,36.57,28.58,16.06,9.05,14.7,50.34,48.83,59.43,0.18,14.47,0.18,0.23,3.4,2.51,3.72,0.0,0.09,0.04,0.11,3.45,3.51,3.55,0.0,0.05,0.56,0.86,12.9,12.5,13.77,0.04,0.51
2010-12-10,77.5,76.4,44.0,138.0,3359.0,15.0,3512.0,1752.0,1501.0,90.0,18.0,3361.0,151.0,44.02,260.09,87.63,209.44,238.55,92.78,60.41,3.76,91.42,0.4,47.67,50.61,40.85,4.11,16.59,54.5,0.0,33.96,35.56,13.09,22.45,12.04,69.0,0.17,33.67,36.57,28.58,16.06,9.05,14.7,50.34,48.83,59.43,0.18,14.47,0.18,0.23,3.4,2.51,3.72,0.0,0.09,0.04,0.11,3.45,3.51,3.55,0.0,0.05,0.56,0.84,12.9,12.61,13.77,0.04,0.48
2011-01-12,77.5,76.4,44.0,138.0,3359.0,15.0,3512.0,1752.0,1501.0,90.0,18.0,3361.0,151.0,44.07,260.09,87.4,209.51,238.55,92.77,60.23,3.76,91.42,0.4,47.67,50.62,40.85,4.11,16.59,54.5,0.0,34.12,35.72,13.09,22.28,12.04,69.0,0.17,33.67,36.57,28.58,16.06,9.05,14.7,50.34,48.83,59.43,0.18,14.47,0.18,0.23,3.4,2.51,3.72,0.0,0.09,0.04,0.11,3.45,3.51,3.55,0.0,0.05,0.56,0.84,12.61,12.51,13.59,0.04,0.38
2011-02-09,77.5,76.4,44.0,138.0,3359.0,15.0,3512.0,1752.0,1501.0,90.0,18.0,3361.0,151.0,44.07,259.99,87.44,209.51,238.55,92.78,60.17,3.76,91.42,0.4,47.67,50.62,40.85,4.11,16.59,54.5,0.0,34.12,35.72,13.09,22.28,12.04,69.0,0.17,33.67,36.57,28.58,16.06,9.05,14.7,50.34,48.83,59.43,0.18,14.47,0.18,0.23,3.4,2.51,3.72,0.0,0.09,0.04,0.11,3.45,3.51,3.55,0.0,0.05,0.56,0.84,12.61,12.51,13.59,0.04,0.38
2011-03-10,77.5,76.4,44.0,138.0,3359.0,15.0,3512.0,1752.0,1501.0,90.0,18.0,3361.0,151.0,42.58,260.27,87.44,209.51,238.55,92.74,59.0,3.76,91.42,0.4,47.67,50.62,40.85,4.11,16.59,54.5,0.0,34.12,35.72,13.09,22.28,12.04,69.0,0.17,33.67,36.57,28.58,16.06,7.56,14.98,50.34,48.83,59.43,0.18,13.26,0.18,0.23,3.4,2.51,3.72,0.0,0.09,0.04,0.11,3.45,3.51,3.55,0.0,0.05,0.56,0.84,12.61,12.51,13.59,0.04,0.38
2011-04-08,77.5,76.4,44.0,138.0,3359.0,15.0,3512.0,1752.0,1501.0,90.0,18.0,3361.0,151.0,42.57,260.22,86.72,209.24,237.96,92.66,58.88,3.76,91.42,0.4,47.67,50.62,40.85,4.11,16.59,54.5,0.0,34.13,35.72,13.09,22.28,12.04,69.0,0.17,33.67,36.57,28.58,16.06,7.56,14.98,50.34,48.83,59.43,0.18,13.26,0.18,0.23,3.4,2.51,3.72,0.0,0.09,0.04,0.11,3.52,3.58,3.62,0.0,0.05,0.56,0.84,12.3,12.51,13.38,0.04,0.28
2010-05-11,78.1,77.1,42.9,190.0,3310.0,10.0,3510.0,1640.0,1350.0,88.0,66.0,3144.0,365.0,63.76,250.13,86.46,215.31,246.35,87.92,66.09,5.16,90.08,0.27,44.63,48.84,36.74,9.94,26.67,50.0,0.0,38.65,40.32,12.5,23.85,16.83,65.0,0.18,32.8,35.8,28.9,17.31,11.49,15.2,49.0,52.7,63.52,0.45,11.72,0.18,0.23,3.6,2.53,3.83,0.0,0.17,0.05,0.11,3.5,3.57,3.61,0.0,0.05,0.62,1.0,12.6,12.4,13.62,0.03,0.57
2010-06-10,78.1,77.1,42.9,185.0,3310.0,10.0,3505.0,1640.0,1350.0,88.0,66.0,3144.0,360.0,65.47,249.93,86.38,215.3,246.55,88.24,66.99,5.02,90.08,0.27,44.63,48.84,36.74,9.8,26.67,50.0,0.0,38.65,40.32,12.5,23.85,17.47,65.0,0.18,32.8,35.8,28.9,17.95,12.62,14.6,49.0,52.9,63.72,0.45,12.05,0.18,0.23,3.6,2.53,3.83,0.0,0.17,0.05,0.11,3.5,3.57,3.61,0.0,0.05,0.61,1.0,12.6,12.4,13.62,0.03,0.56
2010-07-09,78.9,78.0,42.9,175.0,3345.0,10.0,3530.0,1645.0,1370.0,88.0,67.0,3170.0,360.0,65.35,251.29,87.54,216.3,247.57,88.84,67.76,4.75,91.04,0.27,44.77,48.98,37.29,9.8,25.47,50.0,0.0,38.65,40.32,12.5,22.65,17.92,65.0,0.18,32.8,35.8,28.9,18.4,13.62,14.6,50.0,53.4,64.22,0.45,13.55,0.18,0.23,3.66,2.59,3.89,0.0,0.17,0.05,0.11,3.6,3.67,3.71,0.0,0.05,0.61,1.0,12.6,12.4,13.62,0.03,0.56
2010-08-12,78.9,78.0,44.0,160.0,3433.0,10.0,3603.0,1650.0,1435.0,88.0,70.0,3243.0,360.0,63.52,253.69,89.54,219.75,250.92,91.11,64.73,4.34,93.44,0.27,44.91,49.21,39.05,9.8,24.97,50.0,0.0,39.26,40.91,12.5,21.56,16.7,65.0,0.18,33.0,36.0,29.4,16.47,13.92,14.6,52.0,55.8,66.62,0.45,13.45,0.18,0.23,3.66,2.59,3.89,0.0,0.17,0.05,0.11,3.6,3.67,3.71,0.0,0.05,0.61,1.0,12.6,12.4,13.62,0.03,0.56
2010-09-10,78.9,78.0,44.7,150.0,3483.0,10.0,3643.0,1650.0,1485.0,88.0,70.0,3293.0,350.0,62.85,254.89,92.94,221.19,252.56,94.52,63.61,4.07,94.79,0.27,44.91,49.21,40.42,9.51,24.55,50.0,0.0,39.5,41.15,13.5,19.9,16.6,65.0,0.18,33.0,36.0,30.4,15.37,14.27,14.4,55.0,56.7,67.72,0.45,15.5,0.18,0.23,3.66,2.59,3.89,0.0,0.17,0.05,0.11,3.6,3.67,3.71,0.0,0.05,0.51,1.0,13.0,12.6,13.82,0.03,0.66
2010-10-08,77.7,76.8,44.4,151.0,3408.0,10.0,3569.0,1665.0,1520.0,88.0,32.0,3305.0,265.0,60.44,255.26,93.12,222.12,252.42,94.97,61.42,4.11,92.76,0.27,45.31,48.57,41.37,7.2,22.48,50.0,0.0,39.3,40.95,12.0,19.53,16.17,67.0,0.18,33.1,36.1,31.4,15.85,14.62,14.4,55.0,56.9,67.92,0.45,15.65,0.18,0.23,3.66,2.59,3.89,0.0,0.17,0.05,0.11,3.6,3.67,3.71,0.0,0.05,0.51,1.0,13.0,12.6,13.82,0.03,0.66
2010-11-09,77.7,76.8,43.9,151.0,3375.0,10.0,3536.0,1665.0,1570.0,88.0,29.0,3351.0,185.0,60.4,257.36,95.47,224.38,254.67,97.15,61.41,4.11,91.85,0.27,45.31,48.48,42.73,5.03,22.55,52.0,0.0,39.3,40.95,13.0,20.6,16.06,67.5,0.18,33.5,36.5,31.4,15.84,14.47,14.4,57.0,57.8,68.85,0.45,16.57,0.09,0.23,3.45,2.47,3.69,0.0,0.07,0.05,0.11,3.6,3.67,3.71,0.0,0.05,0.51,1.0,13.5,13.2,14.42,0.03,0.56
2010-12-10,77.7,76.8,43.9,151.0,3375.0,10.0,3536.0,1665.0,1590.0,88.0,29.0,3371.0,165.0,60.41,257.78,96.17,225.78,256.24,98.0,60.12,4.11,91.85,0.27,45.31,48.48,43.27,4.49,22.45,52.0,0.0,39.3,40.95,13.0,20.5,16.06,67.5,0.18,34.5,37.5,31.4,14.84,14.47,14.4,57.0,57.8,68.85,0.45,16.57,0.09,0.23,3.45,2.47,3.69,0.0,0.07,0.05,0.11,3.6,3.67,3.71,0.0,0.05,0.48,1.03,14.0,13.6,14.82,0.03,0.66
2011-01-12,77.4,76.6,43.5,151.0,3329.0,15.0,3495.0,1655.0,1590.0,88.0,22.0,3355.0,140.0,60.23,255.53,96.01,225.21,255.49,98.0,58.28,4.11,90.61,0.41,45.04,48.03,43.27,3.82,22.28,50.5,0.0,39.0,40.65,12.5,19.63,16.06,67.5,0.18,34.5,37.5,31.4,14.84,14.47,14.4,57.0,57.8,68.85,0.45,16.57,0.09,0.23,3.45,2.47,3.69,0.0,0.07,0.05,0.11,3.6,3.67,3.71,0.0,0.05,0.38,1.03,14.0,13.6,14.82,0.03,0.55
2011-02-09,77.4,76.6,43.5,151.0,3329.0,15.0,3495.0,1655.0,1590.0,88.0,22.0,3355.0,140.0,60.17,256.1,95.87,225.16,255.29,98.65,58.21,4.11,90.61,0.41,45.04,48.03,43.27,3.82,22.28,49.5,0.0,39.0,40.65,11.6,19.53,16.06,68.5,0.18,34.5,37.5,32.3,14.94,14.47,14.4,57.0,57.8,68.85,0.45,16.57,0.09,0.23,3.45,2.47,3.69,0.0,0.07,0.05,0.11,3.6,3.67,3.71,0.0,0.05,0.38,1.03,14.0,13.6,14.82,0.03,0.55
2011-03-10,77.4,76.6,43.5,151.0,3329.0,15.0,3495.0,1655.0,1590.0,91.0,19.0,3355.0,140.0,59.0,258.4,95.79,226.48,256.61,98.26,58.33,4.11,90.61,0.41,45.04,48.03,43.27,3.82,22.28,49.5,0.0,39.0,40.65,11.0,20.13,16.06,70.0,0.18,35.3,38.3,32.5,15.44,13.26,15.2,57.0,57.8,68.85,0.3,16.31,0.09,0.23,3.45,2.47,3.69,0.0,0.07,0.05,0.11,3.6,3.67,3.71,0.0,0.05,0.38,1.03,14.0,13.6,14.82,0.03,0.55
2011-04-08,77.4,76.6,43.5,151.0,3329.0,15.0,3495.0,1650.0,1580.0,89.0,36.0,3355.0,140.0,58.88,260.97,95.37,225.28,255.77,98.51,60.94,4.11,90.61,0.41,44.91,48.31,43.0,3.81,22.28,49.5,0.0,38.24,39.87,11.0,20.91,16.06,72.0,0.18,35.5,38.6,32.75,16.89,13.26,15.2,57.0,57.4,68.45,0.3,16.71,0.09,0.23,3.45,2.47,3.69,0.0,0.07,0.05,0.11,3.7,3.77,3.81,0.0,0.05,0.28,1.03,14.0,13.6,14.77,0.03,0.5
2011-05-11,77.4,76.6,43.5,151.0,3329.0,15.0,3495.0,1650.0,1550.0,89.0,36.0,3325.0,170.0,59.22,261.97,92.63,223.96,254.39,95.62,63.81,4.11,90.61,0.41,44.91,48.31,42.18,4.63,22.28,49.5,0.0,38.35,39.98,9.5,22.3,16.0,73.0,0.03,35.5,38.6,32.25,18.18,13.26,15.2,54.5,56.1,67.05,0.2,15.71,0.22,0.22,3.35,2.35,3.57,0.0,0.22,0.05,0.11,3.7,3.77,3.81,0.0,0.05,0.28,1.08,14.0,13.6,14.8,0.05,0.5
2011-06-09,77.4,76.6,43.5,151.0,3329.0,15.0,3495.0,1650.0,1540.0,89.0,36.0,3315.0,180.0,59.31,263.49,92.03,225.33,255.78,94.52,64.53,4.11,90.61,0.41,44.91,48.31,41.91,4.9,22.28,49.5,0.0,39.0,40.63,9.0,22.15,15.84,74.5,0.03,35.8,39.1,31.85,19.42,13.26,15.2,54.0,56.1,67.05,0.2,15.21,0.22,0.22,3.35,2.35,3.57,0.0,0.22,0.05,0.11,3.7,3.77,3.81,0.0,0.05,0.28,1.08,14.0,13.6,14.8,0.05,0.5
2011-07-12,77.4,76.6,43.5,151.0,3329.0,15.0,3495.0,1650.0,1520.0,87.0,38.0,3295.0,200.0,59.35,263.69,89.82,223.81,254.19,92.79,65.88,4.11,90.61,0.41,44.91,48.32,41.37,5.44,22.28,49.5,0.0,38.8,40.43,8.5,22.85,15.84,74.5,0.03,35.9,39.2,30.85,20.31,13.26,15.2,52.0,55.1,66.05,0.2,14.21,0.22,0.22,3.25,2.26,3.48,0.0,0.21,0.05,0.11,3.7,3.77,3.81,0.0,0.05,0.28,1.08,13.8,13.4,14.6,0.05,0.5
2011-08-11,77.4,76.6,43.5,151.0,3329.0,15.0,3495.0,1645.0,1495.0,87.0,38.0,3265.0,230.0,59.34,263.95,89.28,222.56,252.93,91.22,68.42,4.11,90.61,0.41,44.77,48.18,40.69,6.26,22.28,49.0,0.0,38.3,39.93,8.5,22.85,15.84,75.5,0.03,36.0,39.3,29.9,22.16,13.26,15.1,52.0,55.1,66.05,0.2,14.11,0.22,0.22,3.22,2.23,3.45,0.0,0.21,0.05,0.11,3.55,3.62,3.66,0.0,0.05,0.28,1.08,13.1,12.7,13.9,0.05,0.5
2011-09-12,77.4,76.6,43.5,151.0,3329.0,15.0,3495.0,1650.0,1495.0,87.0,38.0,3270.0,225.0,59.34,264.12,89.28,222.3,252.62,91.3,68.82,4.11,90.61,0.41,44.91,48.31,40.69,6.13,22.28,49.0,0.0,38.0,39.63,8.5,23.15,15.84,75.5,0.03,36.0,39.3,29.88,22.18,13.26,15.1,52.0,55.0,65.95,0.2,14.21,0.22,0.22,3.22,2.23,3.45,0.0,0.21,0.05,0.11,3.55,3.62,3.66,0.0,0.05,0.28,1.05,13.1,12.7,13.9,0.05,0.47
2011-10-12,77.4,76.6,43.5,151.0,3329.0,15.0,3495.0,1648.0,1500.0,87.0,45.0,3280.0,215.0,59.38,264.12,88.59,220.71,251.15,91.68,69.26,4.11,90.61,0.41,44.85,48.46,40.82,5.84,22.28,49.0,0.0,37.12,38.75,8.5,24.03,15.84,75.5,0.03,35.8,39.1,29.95,22.31,13.26,15.1,52.0,55.0,65.95,0.2,14.21,0.22,0.22,3.1,2.18,3.36,0.0,0.18,0.05,0.11,3.45,3.52,3.56,0.0,0.05,0.28,1.05,12.9,12.55,13.75,0.05,0.42
2011-11-09,77.4,76.6,43.5,151.0,3329.0,14.0,3495.0,1648.0,1501.0,87.0,43.0,3280.0,215.0,59.41,264.18,88.68,221.11,251.48,92.41,68.37,4.11,90.61,0.39,44.85,48.4,40.86,5.84,22.28,49.0,0.01,37.59,39.21,9.21,22.88,15.84,75.5,0.03,35.8,39.1,29.95,22.31,13.26,15.1,52.34,55.0,65.95,0.19,14.56,0.22,0.22,2.92,2.07,3.26,0.0,0.1,0.05,0.17,3.45,3.6,3.64,0.0,0.03,0.3,1.05,12.9,12.55,13.75,0.06,0.44
2011-12-09,77.4,76.6,43.5,151.0,3329.0,14.0,3495.0,1648.0,1501.0,87.0,43.0,3280.0,215.0,59.45,264.18,88.5,220.61,251.27,92.42,68.43,4.11,90.61,0.39,44.85,48.4,40.86,5.84,22.28,49.0,0.01,37.59,39.21,9.21,22.88,15.84,75.5,0.04,35.9,39.2,29.95,22.22,13.26,15.1,52.34,55.0,65.95,0.19,14.56,0.22,0.22,2.92,2.07,3.26,0.0,0.1,0.05,0.17,3.5,3.63,3.66,0.0,0.05,0.3,1.05,12.47,12.12,13.32,0.06,0.44
2012-01-12,77.4,76.6,43.5,151.0,3329.0,14.0,3495.0,1648.0,1501.0,87.0,43.0,3280.0,215.0,59.61,264.18,88.78,220.93,251.58,92.41,68.58,4.11,90.61,0.39,44.85,48.39,40.86,5.85,22.28,49.0,0.01,37.61,39.24,9.21,22.85,15.84,75.5,0.04,35.93,39.23,29.95,22.19,13.26,15.1,52.34,55.0,65.95,0.19,14.56,0.22,0.22,2.92,2.07,3.26,0.0,0.1,0.05,0.17,3.5,3.63,3.66,0.0,0.05,0.55,1.05,12.47,12.27,13.47,0.06,0.54
2012-02-09,77.4,76.6,43.5,151.0,3329.0,14.0,3495.0,1648.0,1501.0,87.0,43.0,3280.0,215.0,59.6,264.18,88.83,221.09,251.74,91.97,68.9,4.11,90.61,0.39,44.85,48.39,40.86,5.85,22.28,49.0,0.01,37.61,39.24,9.21,22.85,15.84,75.5,0.04,35.93,39.23,29.95,22.19,13.26,15.1,52.34,55.0,65.95,0.19,14.56,0.22,0.22,2.92,2.07,3.26,0.0,0.1,0.05,0.17,3.5,3.63,3.66,0.0,0.05,0.55,1.05,12.47,12.27,13.47,0.06,0.54
2012-03-09,77.4,76.6,43.5,151.0,3329.0,14.0,3495.0,1648.0,1501.0,87.0,43.0,3280.0,215.0,59.82,264.25,88.83,220.84,251.47,92.67,68.76,4.11,90.61,0.39,44.85,48.39,40.86,5.85,22.28,49.0,0.01,37.61,39.24,9.21,22.85,15.84,75.5,0.04,35.93,39.23,29.95,22.19,13.26,15.1,52.34,55.0,65.95,0.19,14.56,0.22,0.22,2.92,2.07,3.26,0.0,0.1,0.05,0.17,3.5,3.63,3.66,0.0,0.05,0.55,1.05,12.47,12.27,13.47,0.06,0.54
2012-04-10,77.4,76.6,43.5,151.0,3329.0,14.0,3495.0,1648.0,1501.0,87.0,43.0,3280.0,215.0,59.99,264.22,88.79,220.63,251.19,92.68,69.12,4.11,90.61,0.39,44.85,48.39,40.86,5.85,22.28,49.0,0.01,37.61,39.21,9.21,22.87,15.84,75.5,0.04,35.93,39.23,29.95,22.19,13.26,15.1,52.34,55.0,65.95,0.19,14.56,0.22,0.22,2.92,2.07,3.26,0.0,0.1,0.05,0.17,3.5,3.63,3.66,0.0,0.05,0.54,1.05,12.48,12.27,13.46,0.06,0.56
2011-05-11,76.6,75.7,43.4,170.0,3285.0,15.0,3470.0,1655.0,1540.0,90.0,25.0,3310.0,160.0,63.81,263.29,96.24,232.3,262.69,98.79,61.85,4.63,89.4,0.41,45.04,48.17,41.91,4.36,22.3,53.0,0.0,39.7,41.35,11.8,22.15,18.18,72.5,0.05,36.8,40.1,33.5,17.13,15.71,14.8,58.0,61.5,72.5,0.3,15.71,0.22,0.22,3.4,2.37,3.6,0.0,0.25,0.05,0.11,3.75,3.8,3.84,0.0,0.07,0.5,1.1,13.3,13.2,14.4,0.03,0.47
2011-06-09,76.6,75.7,43.4,180.0,3285.0,15.0,3480.0,1655.0,1520.0,90.0,25.0,3290.0,190.0,64.53,262.79,96.24,232.9,263.21,98.75,61.59,4.9,89.4,0.41,45.04,48.17,41.37,5.18,22.15,53.0,0.0,40.0,41.65,11.8,21.7,19.42,72.5,0.05,37.1,40.5,34.0,17.47,15.21,14.3,58.0,61.5,72.5,0.3,14.71,0.22,0.22,3.4,2.37,3.6,0.0,0.25,0.05,0.11,3.75,3.8,3.84,0.0,0.07,0.5,1.1,13.3,13.2,14.4,0.03,0.47
2011-07-12,75.2,74.3,43.4,200.0,3225.0,15.0,3440.0,1655.0,1495.0,90.0,25.0,3264.0,175.0,65.88,261.45,94.87,232.36,262.65,97.58,61.97,5.44,87.77,0.41,45.04,48.15,40.69,4.78,22.85,53.0,0.0,40.0,41.65,11.3,22.9,20.31,72.5,0.05,37.1,40.5,34.0,18.36,14.21,14.3,56.5,60.6,71.6,0.3,13.11,0.21,0.22,3.4,2.36,3.59,0.0,0.25,0.05,0.11,3.75,3.8,3.84,0.0,0.07,0.5,1.1,13.3,13.2,14.4,0.03,0.47
2011-08-11,75.0,73.8,41.4,230.0,3056.0,15.0,3301.0,1635.0,1400.0,90.0,21.0,3146.0,155.0,68.42,257.47,95.27,232.11,262.32,97.89,60.95,6.26,83.17,0.41,44.5,47.52,38.1,4.22,22.85,53.0,0.0,40.0,41.65,11.8,22.4,22.16,73.5,0.05,37.1,40.5,36.5,18.71,14.11,14.0,56.5,60.6,71.6,0.2,12.81,0.21,0.22,3.4,2.36,3.59,0.0,0.25,0.05,0.11,3.75,3.8,3.84,0.0,0.07,0.5,1.2,12.6,12.6,13.8,0.03,0.47
2011-09-12,75.0,73.8,41.8,225.0,3085.0,15.0,3325.0,1635.0,1415.0,88.0,23.0,3161.0,165.0,68.82,258.99,95.27,232.09,262.24,98.3,62.55,6.13,83.97,0.41,44.5,47.51,38.51,4.48,23.15,53.0,0.0,40.0,41.65,11.8,22.7,22.18,73.5,0.05,36.48,39.88,36.5,19.36,14.21,14.0,56.5,60.6,71.6,0.2,12.91,0.21,0.22,3.4,2.36,3.59,0.0,0.25,0.05,0.11,3.75,3.8,3.84,0.0,0.07,0.47,1.22,12.6,12.6,13.8,0.03,0.46
2011-10-12,75.0,73.7,41.5,215.0,3060.0,15.0,3290.0,1635.0,1375.0,88.0,32.0,3130.0,160.0,69.26,258.6,94.56,231.36,261.75,97.66,63.01,5.84,83.28,0.41,44.5,47.76,37.42,4.35,24.03,53.0,0.0,40.0,41.65,11.8,23.58,22.31,73.5,0.05,36.48,39.88,36.5,19.49,14.21,14.0,56.5,60.6,71.6,0.2,12.91,0.18,0.22,3.2,2.19,3.4,0.0,0.21,0.05,0.11,3.5,3.57,3.61,0.0,0.05,0.42,1.22,12.6,12.6,13.8,0.03,0.41
2011-11-09,75.0,73.7,41.3,215.0,3046.0,15.0,3275.0,1635.0,1325.0,88.0,32.0,3080.0,195.0,68.37,258.91,94.21,230.67,261.03,96.9,63.56,5.84,82.89,0.41,44.5,47.76,36.06,5.32,22.88,52.0,0.0,39.5,41.15,10.8,22.93,22.31,75.0,0.05,36.48,39.88,38.0,19.49,14.56,14.0,56.5,60.6,71.6,0.2,13.26,0.1,0.22,2.95,2.02,3.19,0.0,0.09,0.03,0.2,3.5,3.65,3.69,0.0,0.04,0.44,1.22,12.6,12.6,13.8,0.03,0.43
2011-12-09,75.0,73.7,41.3,215.0,3046.0,15.0,3275.0,1625.0,1300.0,88.0,32.0,3045.0,230.0,68.43,259.22,93.96,229.29,260.09,96.99,64.54,5.84,82.89,0.41,44.23,47.49,35.38,6.26,22.88,52.0,0.0,39.5,41.15,10.8,22.93,22.22,75.0,0.05,36.48,39.88,38.5,18.9,14.56,13.5,56.5,60.1,71.1,0.2,13.26,0.1,0.22,2.95,2.02,3.19,0.0,0.09,0.05,0.2,3.5,3.65,3.69,0.0,0.07,0.44,1.22,12.3,12.1,13.3,0.03,0.63
2012-01-12,75.0,73.6,41.5,215.0,3056.0,15.0,3286.0,1615.0,1275.0,88.0,32.0,3011.0,275.0,68.58,257.0,92.96,228.57,259.3,95.81,63.43,5.85,83.17,0.41,43.95,47.24,34.7,7.49,22.85,50.5,0.0,39.5,41.15,9.8,22.4,22.19,74.0,0.05,36.48,39.88,39.0,17.36,14.56,13.5,56.5,60.1,71.1,0.2,13.26,0.1,0.22,2.85,1.92,3.09,0.0,0.09,0.05,0.2,3.5,3.65,3.69,0.0,0.07,0.54,1.22,12.0,11.9,13.1,0.03,0.63
2012-02-09,75.0,73.6,41.5,215.0,3056.0,15.0,3286.0,1615.0,1275.0,88.0,32.0,3011.0,275.0,68.9,251.47,90.76,227.42,258.05,92.79,60.28,5.85,83.17,0.41,43.95,47.24,34.7,7.49,22.85,48.0,0.0,38.9,40.55,8.9,21.4,22.19,72.0,0.04,37.0,40.4,37.8,16.03,14.56,13.5,55.5,59.6,70.6,0.2,12.76,0.1,0.22,2.85,1.92,3.09,0.0,0.09,0.05,0.2,3.5,3.65,3.69,0.0,0.07,0.54,1.22,11.5,11.7,12.8,0.03,0.43
2012-03-09,75.0,73.6,41.5,215.0,3056.0,15.0,3286.0,1615.0,1275.0,87.0,34.0,3011.0,275.0,68.76,245.07,89.26,224.81,254.9,90.89,57.3,5.85,83.17,0.41,43.95,47.24,34.7,7.49,22.85,46.5,0.0,38.9,40.5,8.9,19.95,22.19,68.5,0.04,36.0,39.1,36.9,14.73,14.56,13.5,55.0,59.1,70.1,0.2,12.76,0.1,0.22,2.7,1.8,2.96,0.0,0.07,0.05,0.2,3.5,3.65,3.69,0.0,0.07,0.54,1.22,11.0,11.3,12.4,0.03,0.33
2012-04-10,75.0,73.6,41.5,215.0,3056.0,15.0,3286.0,1630.0,1290.0,86.0,30.0,3036.0,250.0,69.12,240.15,88.45,223.3,253.2,89.0,55.52,5.85,83.17,0.41,44.36,47.51,35.11,6.81,22.87,45.0,0.0,38.2,39.8,8.6,19.47,22.19,66.0,0.04,35.5,38.4,35.7,14.13,14.56,13.5,55.0,59.1,70.1,0.2,12.76,0.1,0.22,2.7,1.8,2.96,0.0,0.07,0.05,0.2,3.4,3.55,3.59,0.0,0.07,0.56,1.22,11.0,11.3,12.42,0.03,0.33
2012-05-10,75.0,73.6,41.5,215.0,3056.0,15.0,3286.0,1645.0,1315.0,86.0,30.0,3076.0,210.0,70.1,236.87,89.42,224.11,254.14,89.01,53.24,5.85,83.17,0.41,44.77,47.92,35.79,5.72,22.87,42.5,0.0,37.5,39.1,8.45,17.82,22.94,65.0,0.04,36.0,39.1,35.7,13.18,14.56,13.5,56.0,59.1,70.1,0.2,13.76,0.17,0.22,2.7,1.9,2.95,0.0,0.14,0.05,0.2,3.4,3.55,3.59,0.0,0.07,0.56,1.12,11.0,11.3,12.31,0.03,0.33
2012-06-12,75.0,73.6,41.5,215.0,3056.0,15.0,3286.0,1660.0,1335.0,86.0,30.0,3111.0,175.0,70.1,236.38,90.22,223.41,253.42,89.91,53.36,5.85,83.17,0.41,45.18,48.33,36.33,4.77,22.87,41.5,0.0,36.5,38.1,7.8,18.47,22.94,65.5,0.04,36.0,39.1,36.7,12.68,14.56,13.5,57.0,59.1,70.1,0.2,14.76,0.17,0.22,2.7,1.9,2.95,0.0,0.14,0.05,0.2,3.4,3.55,3.59,0.0,0.07,0.56,1.12,11.0,11.3,12.31,0.03,0.33
2012-07-11,75.0,73.6,41.5,215.0,3056.0,15.0,3286.0,1675.0,1340.0,88.0,13.0,3116.0,170.0,70.13,235.88,90.11,223.87,253.42,90.18,52.51,5.85,83.17,0.41,45.59,48.35,36.47,4.62,22.87,41.0,0.0,36.5,38.1,7.8,17.97,22.94,65.5,0.24,36.55,39.65,36.7,12.33,14.56,13.5,57.5,59.3,70.3,0.25,15.01,0.17,0.22,2.7,1.9,2.95,0.0,0.14,0.05,0.2,3.4,3.55,3.59,0.0,0.07,0.56,1.12,11.0,11.3,12.31,0.03,0.33
2012-08-10,75.0,73.6,41.5,215.0,3056.0,15.0,3286.0,1690.0,1350.0,88.0,13.0,3141.0,145.0,70.19,236.03,90.11,224.64,253.84,90.54,51.94,5.85,83.17,0.41,45.99,48.75,36.74,3.94,22.87,41.0,0.0,36.2,37.8,7.8,18.27,22.94,65.5,0.1,36.55,39.45,36.7,12.39,14.56,13.5,57.5,59.8,70.8,0.25,14.51,0.17,0.22,2.7,1.9,2.95,0.0,0.14,0.05,0.2,3.4,3.55,3.59,0.0,0.07,0.6,1.29,11.0,11.47,12.42,0.04,0.43
2012-09-12,75.0,73.6,41.5,215.0,3056.0,16.0,3287.0,1705.0,1360.0,88.0,3.0,3157.0,130.0,70.26,237.09,90.83,225.43,254.46,90.07,53.65,5.85,83.17,0.44,46.4,48.9,37.01,3.55,22.87,41.0,0.0,36.0,37.6,7.8,18.47,22.89,66.5,0.1,36.7,39.7,35.8,13.99,14.56,13.5,58.0,59.9,70.9,0.25,14.91,0.17,0.22,2.7,1.9,2.95,0.0,0.14,0.05,0.2,3.4,3.55,3.59,0.0,0.07,0.6,1.29,11.0,11.57,12.52,0.04,0.33
2012-10-11,75.0,73.8,41.9,215.0,3094.0,16.0,3325.0,1703.0,1360.0,90.0,2.0,3155.0,169.0,70.56,238.11,90.76,225.21,254.19,90.45,54.79,5.85,84.19,0.44,46.35,48.86,37.01,4.61,22.87,41.0,0.0,35.73,37.33,7.6,18.94,22.89,66.5,0.1,36.7,39.7,36.32,13.48,14.56,13.5,58.0,60.07,71.07,0.25,14.74,0.17,0.22,2.78,1.95,3.0,0.0,0.17,0.05,0.2,3.4,3.55,3.59,0.0,0.07,0.6,1.29,10.8,11.37,12.32,0.04,0.33
2012-11-09,75.0,73.8,41.9,215.0,3094.0,16.0,3325.0,1703.0,1362.0,90.0,1.0,3155.0,169.0,70.44,239.22,92.51,226.71,255.84,90.33,56.0,5.85,84.19,0.44,46.35,48.81,37.06,4.61,22.87,41.0,0.0,35.88,37.5,7.37,19.0,22.69,66.5,0.13,36.7,39.7,36.32,13.31,14.56,14.48,59.23,60.97,72.07,0.28,15.92,0.17,0.22,2.76,1.96,3.0,0.0,0.15,0.05,0.21,3.4,3.55,3.59,0.0,0.07,0.6,1.29,11.3,11.77,12.72,0.04,0.43
2012-12-11,75.0,73.8,41.9,215.0,3094.0,16.0,3325.0,1703.0,1362.0,90.0,1.0,3155.0,169.0,69.93,239.63,93.06,226.82,256.18,90.43,56.0,5.85,84.19,0.44,46.35,48.81,37.06,4.61,22.87,41.0,0.0,35.88,37.5,7.37,19.0,22.69,66.5,0.13,36.94,40.04,36.32,12.97,14.56,14.48,59.23,60.97,72.07,0.28,15.92,0.17,0.22,2.76,1.96,3.0,0.0,0.15,0.05,0.21,3.4,3.55,3.59,0.0,0.07,0.6,1.29,11.81,12.15,13.1,0.04,0.56
2013-01-11,75.0,73.8,41.9,215.0,3094.0,16.0,3325.0,1703.0,1362.0,90.0,1.0,3155.0,169.0,69.92,238.73,93.08,226.81,256.2,90.42,55.1,5.85,84.19,0.44,46.35,48.81,37.06,4.61,22.87,40.1,0.0,35.89,37.5,7.37,18.1,22.69,66.5,0.13,36.94,40.04,36.32,12.97,14.56,14.48,59.23,60.97,72.07,0.28,15.92,0.17,0.22,2.76,1.96,3.0,0.0,0.15,0.05,0.21,3.4,3.55,3.59,0.0,0.07,0.6,1.29,11.81,12.15,13.1,0.04,0.55
2013-02-08,75.0,73.8,41.9,215.0,3094.0,16.0,3325.0,1703.0,1362.0,90.0,1.0,3155.0,169.0,69.92,238.73,93.21,226.79,256.18,90.42,55.25,5.85,84.19,0.44,46.35,48.81,37.06,4.61,22.87,40.1,0.0,35.89,37.5,7.37,18.1,22.69,66.5,0.13,36.94,40.04,36.32,12.97,14.56,14.48,59.23,60.97,72.07,0.28,15.92,0.17,0.22,2.76,1.96,3.0,0.0,0.15,0.05,0.21,3.4,3.55,3.59,0.0,0.07,0.6,1.29,11.96,12.15,13.1,0.04,0.7
2013-03-08,75.0,73.8,41.9,215.0,3094.0,16.0,3325.0,1703.0,1362.0,90.0,1.0,3155.0,169.0,69.92,238.73,93.21,226.79,256.18,90.42,55.25,5.85,84.19,0.44,46.35,48.81,37.06,4.61,22.87,40.1,0.0,35.89,37.5,7.37,18.1,22.69,66.5,0.13,36.94,40.04,36.32,12.97,14.56,14.48,59.23,60.97,72.07,0.28,15.92,0.17,0.22,2.76,1.96,3.0,0.0,0.15,0.05,0.21,3.4,3.55,3.59,0.0,0.07,0.6,1.29,11.96,12.15,13.1,0.04,0.7
2013-04-10,75.0,73.8,41.9,215.0,3094.0,16.0,3325.0,1703.0,1362.0,90.0,1.0,3155.0,169.0,70.11,239.77,93.22,226.73,256.03,91.94,55.13,5.85,84.19,0.44,46.35,48.81,37.06,4.61,22.87,40.1,0.0,35.89,37.5,7.37,18.1,22.69,66.5,0.13,36.94,40.04,36.32,12.97,14.56,14.48,59.23,60.97,72.07,0.28,15.92,0.17,0.22,2.76,1.96,3.0,0.0,0.15,0.05,0.21,3.61,3.75,3.79,0.0,0.08,0.6,1.29,11.96,12.15,13.1,0.04,0.7
2012-05-10,73.9,73.0,43.9,210.0,3205.0,15.0,3430.0,1655.0,1505.0,89.0,36.0,3285.0,145.0,53.24,271.42,95.82,234.22,265.14,97.26,58.07,5.72,87.23,0.41,45.04,48.46,40.96,3.94,17.82,55.0,0.01,39.8,41.45,10.1,21.28,13.18,78.0,0.04,36.8,40.0,34.2,17.02,13.76,13.1,61.0,63.4,74.52,0.2,13.14,0.14,0.22,2.8,1.9,2.96,0.0,0.2,0.07,0.2,3.5,3.67,3.7,0.0,0.07,0.33,1.1,11.0,11.08,12.08,0.03,0.32
2012-06-12,73.9,73.0,43.9,175.0,3205.0,15.0,3395.0,1645.0,1485.0,89.0,36.0,3255.0,140.0,53.36,271.03,95.82,234.05,264.95,96.71,58.54,4.77,87.23,0.41,44.77,48.18,40.42,3.8,18.47,55.0,0.01,39.8,41.45,10.1,21.93,12.68,78.0,0.04,36.8,40.0,34.2,16.52,14.76,12.6,61.0,63.4,74.52,0.2,13.64,0.14,0.22,2.8,1.9,2.96,0.0,0.2,0.07,0.2,3.5,3.67,3.7,0.0,0.07,0.33,1.2,11.0,11.18,12.18,0.03,0.32
2012-07-11,76.1,75.3,40.5,170.0,3050.0,15.0,3235.0,1610.0,1370.0,89.0,35.0,3105.0,130.0,52.51,267.16,94.96,232.39,263.15,95.82,55.66,4.62,83.01,0.41,43.82,47.21,37.29,3.54,17.97,55.0,0.01,39.8,41.45,11.1,20.43,12.33,78.0,0.25,36.8,40.0,35.1,15.48,15.01,12.6,61.0,63.4,74.52,0.25,13.84,0.14,0.22,2.8,1.9,2.96,0.0,0.2,0.07,0.2,3.4,3.62,3.65,0.0,0.02,0.33,1.2,11.0,11.18,12.18,0.03,0.32
2012-08-10,76.1,74.6,36.1,145.0,2692.0,20.0,2857.0,1515.0,1110.0,89.0,27.0,2742.0,115.0,51.94,260.46,91.88,227.03,256.92,93.97,53.38,3.94,73.27,0.54,41.23,44.41,30.21,3.13,18.27,55.0,0.0,38.2,39.85,13.5,19.92,12.39,81.0,0.25,36.8,39.89,37.6,16.15,14.51,12.6,59.5,63.4,74.52,0.25,11.84,0.14,0.22,2.6,1.8,2.85,0.0,0.11,0.07,0.2,3.2,3.42,3.45,0.0,0.02,0.43,1.1,10.7,11.05,11.95,0.03,0.25
2012-09-12,76.1,74.6,35.3,130.0,2634.0,20.0,2785.0,1500.0,1055.0,89.0,25.0,2670.0,115.0,53.65,258.13,91.78,226.91,256.73,93.74,53.1,3.55,71.69,0.54,40.82,43.94,28.71,3.13,18.47,55.0,0.0,38.2,39.85,13.5,20.12,13.99,81.0,0.25,36.8,39.89,39.1,16.25,14.91,12.6,59.5,63.9,75.02,0.25,11.74,0.14,0.22,2.6,1.8,2.85,0.0,0.11,0.07,0.2,3.2,3.42,3.45,0.0,0.02,0.33,1.1,10.7,11.05,11.95,0.03,0.15
2012-10-11,77.2,75.7,37.8,169.0,2860.0,20.0,3050.0,1540.0,1265.0,89.0,26.0,2920.0,130.0,54.79,264.28,93.46,228.99,258.76,96.2,57.56,4.61,77.84,0.54,41.91,45.05,34.43,3.53,18.94,55.0,0.0,38.7,40.35,12.0,21.59,13.48,81.0,0.25,36.8,39.89,37.4,17.44,14.74,12.6,61.0,64.2,75.32,0.25,12.77,0.17,0.22,2.6,1.8,2.85,0.0,0.14,0.07,0.2,3.35,3.57,3.6,0.0,0.02,0.33,1.1,10.7,11.05,11.95,0.03,0.15
2012-11-09,77.2,75.7,39.3,169.0,2971.0,20.0,3160.0,1560.0,1345.0,89.0,26.0,3021.0,140.0,56.0,267.6,96.01,231.14,261.03,98.55,60.02,4.61,80.86,0.54,42.46,45.61,36.61,3.8,19.0,55.0,0.0,38.7,40.35,12.0,21.65,13.31,81.0,0.25,36.9,39.99,37.4,17.17,15.92,12.6,63.0,65.4,76.58,0.25,14.69,0.15,0.22,2.6,1.8,2.83,0.0,0.14,0.07,0.2,3.35,3.57,3.6,0.0,0.02,0.43,1.1,11.0,11.35,12.25,0.03,0.25
2012-12-11,77.2,75.7,39.3,169.0,2971.0,20.0,3160.0,1570.0,1345.0,89.0,26.0,3031.0,130.0,56.0,267.72,96.31,231.14,261.25,98.85,59.93,4.61,80.86,0.54,42.73,45.88,36.61,3.53,19.0,55.0,0.0,38.2,39.85,12.0,22.15,12.97,81.0,0.25,36.9,40.1,37.4,16.72,15.92,12.6,63.0,65.4,76.58,0.25,14.69,0.15,0.22,2.6,1.8,2.83,0.0,0.14,0.07,0.2,3.35,3.57,3.6,0.0,0.02,0.56,0.95,11.3,11.65,12.55,0.03,0.23
2013-01-11,77.2,76.1,39.6,169.0,3015.0,20.0,3204.0,1605.0,1345.0,89.0,30.0,3070.0,135.0,55.1,269.41,96.51,232.44,262.67,98.9,59.46,4.61,82.06,0.54,43.68,46.94,36.61,3.67,18.1,54.0,0.0,38.2,39.85,11.0,21.25,12.97,82.5,0.25,36.9,40.1,38.4,17.22,15.92,12.6,63.0,65.65,76.83,0.3,14.39,0.15,0.22,2.75,1.89,2.92,0.0,0.2,0.07,0.2,3.35,3.57,3.6,0.0,0.02,0.55,0.95,11.3,11.65,12.55,0.03,0.22
2013-02-08,77.2,76.1,39.6,169.0,3015.0,20.0,3204.0,1615.0,1345.0,89.0,30.0,3080.0,125.0,55.25,269.5,96.55,232.06,262.32,98.86,60.12,4.61,82.06,0.54,43.95,47.21,36.61,3.4,18.1,53.0,0.0,37.3,38.95,10.9,21.25,12.97,83.5,0.19,36.9,40.1,38.4,18.16,15.92,12.6,63.0,65.65,76.83,0.3,14.39,0.15,0.22,2.75,1.89,2.92,0.0,0.2,0.07,0.2,3.35,3.57,3.6,0.0,0.02,0.7,0.95,11.3,11.8,12.7,0.03,0.22
2013-03-08,77.2,76.1,39.6,169.0,3015.0,20.0,3204.0,1615.0,1345.0,89.0,30.0,3080.0,125.0,55.25,268.0,96.89,230.58,260.87,99.06,60.21,4.61,82.06,0.54,43.95,47.21,36.61,3.4,18.1,51.5,0.0,36.0,37.65,10.9,21.05,12.97,83.5,0.19,36.9,40.1,38.4,18.16,15.92,12.6,63.0,65.65,76.83,0.3,14.39,0.15,0.22,2.75,1.89,2.92,0.0,0.2,0.07,0.2,3.35,3.57,3.6,0.0,0.02,0.7,0.95,11.6,11.8,12.7,0.03,0.52
2013-04-10,77.2,76.1,39.6,169.0,3015.0,20.0,3204.0,1635.0,1350.0,90.0,5.0,3080.0,125.0,55.13,269.63,95.48,230.35,259.75,97.86,62.63,4.61,82.06,0.54,44.5,47.08,36.74,3.39,18.1,51.5,0.0,35.2,36.85,10.35,22.4,12.97,83.5,0.21,35.55,38.7,36.75,21.23,15.92,12.6,61.0,65.65,76.83,0.3,12.39,0.15,0.22,2.75,1.89,2.92,0.0,0.2,0.08,0.2,3.55,3.75,3.79,0.0,0.04,0.7,0.95,11.8,11.95,12.85,0.06,0.54
2013-05-10,77.2,76.1,39.6,169.0,3015.0,20.0,3204.0,1635.0,1350.0,90.0,5.0,3080.0,125.0,54.71,269.11,93.59,229.29,258.74,96.21,62.46,4.61,82.06,0.54,44.5,47.08,36.74,3.39,18.1,51.0,0.0,35.2,36.85,9.1,23.15,12.97,83.5,0.24,35.55,38.7,36.35,21.65,15.92,12.6,59.0,64.65,75.83,0.3,11.39,0.13,0.22,2.75,1.89,2.94,0.0,0.16,0.05,0.25,3.55,3.78,3.81,0.0,0.04,0.44,0.86,12.0,11.95,12.82,0.06,0.42
2013-06-12,77.2,76.1,39.6,169.0,3015.0,25.0,3209.0,1660.0,1330.0,90.0,5.0,3085.0,125.0,54.79,267.61,93.68,229.5,258.95,95.92,61.21,4.61,82.06,0.68,45.18,47.76,36.2,3.39,18.1,51.0,0.0,34.7,36.35,7.8,24.95,12.97,82.0,0.24,35.55,38.7,37.9,18.6,15.92,12.6,59.0,64.65,75.83,0.3,11.39,0.13,0.22,2.75,1.89,2.94,0.0,0.16,0.13,0.25,3.35,3.65,3.69,0.0,0.05,0.44,0.86,12.0,11.95,12.82,0.06,0.42
2013-07-11,77.2,76.1,39.6,169.0,3015.0,25.0,3209.0,1660.0,1330.0,90.0,5.0,3085.0,125.0,54.98,268.02,93.75,229.37,258.85,96.39,61.52,4.61,82.06,0.68,45.18,47.76,36.2,3.39,18.1,50.2,0.0,34.4,36.05,7.8,24.45,12.97,82.0,0.24,35.55,38.7,37.9,18.6,15.92,12.8,59.0,64.65,75.83,0.3,11.59,0.13,0.22,2.75,1.89,2.94,0.0,0.16,0.13,0.25,3.35,3.65,3.69,0.0,0.05,0.45,1.0,12.2,12.24,13.15,0.08,0.43
2013-08-12,77.2,76.1,39.6,169.0,3015.0,35.0,3219.0,1685.0,1315.0,90.0,5.0,3094.0,125.0,54.86,267.58,94.12,228.38,257.7,96.64,62.22,4.61,82.06,0.95,45.86,48.42,35.79,3.41,18.1,49.5,0.0,32.9,34.55,7.1,25.95,12.92,82.0,0.29,35.25,38.25,39.2,17.76,15.92,12.8,59.0,64.65,75.83,0.3,11.59,0.13,0.22,2.7,1.91,2.95,0.0,0.1,0.13,0.25,3.35,3.65,3.69,0.0,0.05,0.45,1.0,12.25,12.47,13.38,0.08,0.25
2013-09-12,77.2,76.1,39.6,169.0,3015.0,40.0,3224.0,1690.0,1315.0,90.0,5.0,3099.0,125.0,54.89,267.48,94.83,228.56,257.91,97.74,61.55,4.61,82.06,1.09,45.99,48.56,35.79,3.41,18.1,49.4,0.0,33.35,35.0,6.43,26.08,12.92,82.0,0.37,34.84,37.84,41.0,16.44,15.92,12.8,59.5,64.65,75.83,0.3,12.09,0.13,0.22,2.7,1.91,2.95,0.0,0.1,0.13,0.25,3.35,3.65,3.69,0.0,0.05,0.45,1.0,12.25,12.47,13.38,0.08,0.25
2013-11-08,77.2,76.2,39.8,169.0,3034.0,36.0,3239.0,1689.0,1320.0,89.0,1.0,3098.0,141.0,55.15,267.88,95.47,229.15,258.44,99.95,60.11,4.61,82.56,0.98,45.97,48.41,35.91,3.83,18.1,49.3,0.0,33.55,35.2,7.85,24.35,12.92,82.0,0.4,34.65,37.65,41.9,15.76,15.92,12.8,59.87,64.95,76.13,0.27,12.19,0.13,0.22,2.87,1.92,3.0,0.0,0.22,0.13,0.25,3.35,3.65,3.69,0.0,0.05,0.54,1.0,12.45,12.79,13.69,0.1,0.2
2013-12-10,77.2,76.2,39.8,169.0,3034.0,36.0,3239.0,1689.0,1320.0,89.0,1.0,3098.0,141.0,55.15,268.02,95.18,229.1,258.3,99.86,60.18,4.61,82.56,0.98,45.97,48.41,35.91,3.83,18.1,49.3,0.0,33.61,35.26,7.74,24.4,12.92,82.0,0.4,34.65,37.65,41.9,15.76,15.92,12.8,59.87,64.95,76.13,0.27,12.19,0.13,0.22,2.87,1.92,3.0,0.0,0.22,0.13,0.25,3.35,3.65,3.69,0.0,0.05,0.54,1.0,12.4,12.74,13.64,0.09,0.2
2014-01-10,77.2,76.2,39.8,169.0,3034.0,36.0,3239.0,1689.0,1320.0,89.0,1.0,3099.0,141.0,55.15,268.27,95.17,228.94,258.19,99.85,60.55,4.61,82.56,0.98,45.97,48.42,35.91,3.83,18.1,49.3,0.0,33.61,35.26,7.74,24.4,12.92,82.0,0.4,34.48,37.48,41.9,15.93,15.92,13.05,59.87,64.95,76.18,0.27,12.39,0.13,0.22,2.87,1.92,3.0,0.0,0.22,0.13,0.25,3.35,3.65,3.69,0.0,0.05,0.54,1.0,12.4,12.74,13.64,0.09,0.2
2014-02-10,77.2,76.2,39.8,169.0,3034.0,36.0,3239.0,1689.0,1320.0,89.0,1.0,3099.0,141.0,53.42,268.27,95.28,228.94,258.48,99.85,58.65,4.61,82.56,0.98,45.97,48.42,35.91,3.83,16.39,49.3,0.0,33.61,35.55,7.74,22.4,12.92,82.0,0.4,34.48,37.48,41.9,15.93,15.91,13.05,59.87,64.95,76.18,0.27,12.38,0.13,0.22,2.87,1.92,3.0,0.0,0.22,0.13,0.25,3.35,3.65,3.69,0.0,0.05,0.54,1.0,12.51,12.74,13.64,0.09,0.31
2014-03-10,77.2,76.2,39.8,169.0,3034.0,36.0,3239.0,1689.0,1320.0,89.0,1.0,3099.0,141.0,53.51,267.47,95.23,229.1,258.77,99.65,57.79,4.61,82.56,0.98,45.97,48.42,35.91,3.83,16.39,49.3,0.0,33.61,35.55,7.74,22.4,12.92,82.0,0.4,34.48,37.48,41.9,15.93,15.91,13.05,59.87,64.95,76.18,0.27,12.38,0.13,0.22,2.87,1.92,3.0,0.0,0.22,0.13,0.25,3.35,3.65,3.69,0.0,0.05,0.54,1.0,12.51,12.74,13.64,0.09,0.31
2014-04-09,77.2,76.2,39.8,169.0,3034.0,36.0,3239.0,1689.0,1320.0,89.0,1.0,3099.0,141.0,53.58,268.1,95.57,229.05,258.74,100.65,57.87,4.61,82.56,0.98,45.97,48.42,35.91,3.83,16.39,49.3,0.0,33.61,35.55,7.74,22.4,12.97,82.0,0.4,34.48,37.48,41.9,15.99,15.91,13.05,59.87,64.95,76.18,0.27,12.38,0.13,0.24,2.83,1.92,3.01,0.0,0.18,0.13,0.25,3.41,3.65,3.69,0.0,0.11,0.54,1.0,12.51,12.74,13.64,0.09,0.31
2013-05-10,77.1,76.2,44.5,125.0,3390.0,15.0,3530.0,1695.0,1450.0,87.0,33.0,3264.0,265.0,62.46,285.5,104.29,239.21,270.18,107.12,74.96,3.39,92.26,0.41,46.13,49.38,39.46,7.22,23.15,54.5,0.0,38.0,39.68,12.0,25.97,21.65,85.0,0.05,37.0,40.3,41.5,24.9,11.39,12.0,69.0,67.35,78.63,0.3,13.46,0.16,0.21,2.76,1.95,3.0,0.0,0.13,0.04,0.28,3.55,3.8,3.84,0.0,0.04,0.42,1.0,12.1,12.1,13.02,0.05,0.45
2013-06-12,77.1,76.2,44.5,125.0,3390.0,15.0,3530.0,1695.0,1450.0,87.0,33.0,3264.0,265.0,61.21,285.3,104.34,239.18,270.15,107.02,73.69,3.39,92.26,0.41,46.13,49.38,39.46,7.22,24.95,54.5,0.0,38.0,39.68,12.0,27.77,18.6,85.0,0.05,37.0,40.3,41.5,21.85,11.39,12.0,69.0,67.35,78.63,0.3,13.46,0.16,0.21,2.76,1.95,3.0,0.0,0.13,0.05,0.28,3.55,3.8,3.84,0.0,0.04,0.42,1.0,12.1,12.1,13.02,0.05,0.45
2013-07-11,77.7,76.9,44.5,125.0,3420.0,15.0,3560.0,1695.0,1450.0,87.0,33.0,3264.0,295.0,61.52,285.89,104.45,239.47,270.53,107.21,74.12,3.39,93.08,0.41,46.13,49.38,39.46,8.04,24.45,53.5,0.0,38.0,39.68,12.0,26.27,18.6,85.0,0.05,37.0,40.3,41.5,21.85,11.59,12.5,69.0,67.65,78.93,0.3,13.86,0.16,0.21,2.76,1.95,3.0,0.0,0.13,0.05,0.28,3.55,3.8,3.84,0.0,0.04,0.43,1.15,12.1,12.23,13.15,0.08,0.45
2013-08-12,77.2,76.4,42.6,125.0,3255.0,15.0,3396.0,1675.0,1385.0,87.0,29.0,3176.0,220.0,62.22,281.72,104.45,237.93,268.72,107.4,72.27,3.41,88.6,0.41,45.59,48.73,37.69,5.99,25.95,53.5,0.0,37.0,38.68,13.7,27.07,17.76,85.0,0.05,37.0,40.1,41.5,21.21,11.59,12.5,69.0,67.65,78.93,0.3,13.86,0.1,0.21,2.76,1.95,2.99,0.0,0.08,0.05,0.28,3.55,3.8,3.84,0.0,0.04,0.25,1.15,12.1,12.23,13.15,0.08,0.27
2013-09-12,77.2,76.4,41.2,125.0,3149.0,15.0,3289.0,1655.0,1370.0,87.0,28.0,3140.0,150.0,61.55,281.66,104.5,238.24,268.89,107.29,71.54,3.41,85.71,0.41,45.04,48.16,37.29,4.08,26.08,53.5,0.0,37.5,39.18,12.7,27.7,16.44,88.0,0.1,37.0,40.1,42.5,21.94,12.09,12.2,69.0,68.15,79.3,0.2,13.79,0.1,0.21,2.76,1.95,2.99,0.0,0.08,0.05,0.28,3.55,3.8,3.84,0.0,0.04,0.25,1.15,12.1,12.23,13.15,0.08,0.27
2013-11-08,76.5,75.7,43.0,141.0,3258.0,15.0,3413.0,1685.0,1450.0,87.0,22.0,3243.0,170.0,60.11,283.54,104.4,239.57,270.0,107.83,70.23,3.83,88.66,0.41,45.86,48.81,39.46,4.63,24.35,53.5,0.0,38.5,40.18,9.7,27.98,15.76,88.0,0.1,37.0,40.1,44.0,19.76,12.19,12.2,69.0,68.35,79.5,0.23,13.66,0.22,0.21,2.76,1.95,3.02,0.0,0.17,0.05,0.28,3.55,3.8,3.84,0.0,0.04,0.2,1.13,12.1,12.23,13.15,0.08,0.2
2013-12-10,76.5,75.7,43.0,141.0,3258.0,25.0,3423.0,1690.0,1475.0,87.0,22.0,3274.0,150.0,60.18,284.94,105.12,240.47,270.87,108.77,70.62,3.83,88.66,0.68,45.99,48.96,40.14,4.07,24.4,54.5,0.0,39.0,40.7,9.7,28.5,15.76,88.0,0.1,37.0,40.1,44.0,19.76,12.19,12.2,69.0,68.35,79.5,0.23,13.66,0.22,0.21,2.86,2.02,3.09,0.0,0.2,0.05,0.28,3.65,3.85,3.89,0.0,0.09,0.2,1.13,12.3,12.23,13.15,0.08,0.4
2014-01-10,76.5,75.9,43.3,141.0,3289.0,25.0,3454.0,1700.0,1495.0,87.0,22.0,3304.0,150.0,60.55,286.83,105.2,240.36,270.92,109.32,72.33,3.83,89.51,0.68,46.27,49.24,40.69,4.09,24.4,54.5,0.0,38.3,40.0,9.7,29.2,15.93,89.0,0.15,37.28,40.38,44.0,20.7,12.39,12.2,69.0,68.35,79.65,0.23,13.71,0.22,0.21,2.86,2.02,3.09,0.0,0.2,0.05,0.28,3.65,3.85,3.89,0.0,0.09,0.2,1.13,12.3,12.23,13.15,0.08,0.39
2014-02-10,76.5,75.9,43.3,141.0,3289.0,30.0,3459.0,1700.0,1510.0,87.0,12.0,3309.0,150.0,58.65,287.69,105.33,238.75,269.34,109.33,73.01,3.83,89.51,0.82,46.27,48.96,41.1,4.09,22.4,54.0,0.0,36.6,38.6,8.0,29.81,15.93,90.0,0.15,37.28,40.38,45.0,20.7,12.38,12.2,69.0,68.35,79.65,0.23,13.7,0.22,0.21,2.86,2.02,3.09,0.0,0.2,0.05,0.28,3.65,3.85,3.89,0.0,0.09,0.31,1.13,12.3,12.23,13.15,0.08,0.5
2014-03-10,76.5,75.9,43.3,141.0,3289.0,35.0,3464.0,1690.0,1530.0,87.0,12.0,3319.0,145.0,57.79,285.43,105.34,239.04,269.7,108.22,70.64,3.83,89.51,0.95,45.99,48.69,41.64,3.95,22.4,54.0,0.0,36.6,38.6,8.0,29.81,15.93,88.5,0.15,37.28,40.38,45.0,19.2,12.38,12.2,69.0,68.35,79.65,0.23,13.7,0.22,0.21,2.86,2.02,3.09,0.0,0.2,0.05,0.28,3.65,3.85,3.89,0.0,0.09,0.31,1.25,12.3,12.35,13.27,0.08,0.5
2014-04-09,76.5,75.9,43.3,141.0,3289.0,65.0,3494.0,1685.0,1580.0,95.0,0.0,3360.0,135.0,57.87,284.05,105.93,238.67,269.0,109.43,69.42,3.83,89.51,1.77,45.86,48.43,43.0,3.67,22.4,54.0,0.0,36.6,38.6,8.0,29.8,15.99,87.5,0.15,37.0,40.1,44.5,19.03,12.38,12.2,69.0,68.35,79.65,0.23,13.7,0.18,0.2,2.8,1.96,3.02,0.0,0.16,0.11,0.28,3.6,3.85,3.89,0.0,0.1,0.31,1.25,12.3,12.35,13.27,0.06,0.52
2014-05-09,76.5,75.9,43.3,141.0,3289.0,90.0,3519.0,1695.0,1600.0,95.0,0.0,3390.0,130.0,57.04,283.79,106.68,239.02,269.89,110.64,66.98,3.83,89.51,2.45,46.13,48.71,43.55,3.53,22.4,54.0,0.0,37.3,39.35,9.0,28.05,15.33,87.5,0.15,37.0,39.98,44.5,18.51,12.38,12.2,69.0,68.35,79.65,0.23,13.7,0.18,0.2,2.8,1.96,3.01,0.0,0.17,0.1,0.25,3.65,3.85,3.89,0.0,0.12,0.25,1.23,12.3,12.35,13.28,0.06,0.44
2014-06-11,76.5,75.9,43.3,141.0,3289.0,90.0,3519.0,1700.0,1600.0,95.0,0.0,3395.0,125.0,57.04,283.79,107.38,239.09,270.05,110.99,67.17,3.83,89.51,2.45,46.27,48.84,43.55,3.4,22.4,54.0,0.0,37.3,39.35,8.5,28.55,15.33,87.5,0.55,37.0,39.98,45.5,17.91,12.38,12.2,69.0,68.35,79.65,0.23,13.7,0.18,0.2,2.8,1.96,3.01,0.0,0.17,0.1,0.25,3.65,3.85,3.89,0.0,0.12,0.25,1.23,12.45,12.35,13.28,0.06,0.59
2014-07-11,76.5,75.9,43.3,141.0,3289.0,85.0,3514.0,1725.0,1620.0,99.0,-69.0,3374.0,140.0,56.84,283.87,108.21,240.55,270.05,111.64,67.24,3.83,89.51,2.31,46.95,47.74,44.09,3.82,22.4,54.0,0.0,37.3,39.35,8.5,28.55,15.33,87.5,0.55,37.0,39.98,45.75,17.66,12.38,12.2,69.0,68.75,80.05,0.24,13.29,0.18,0.2,2.87,1.99,3.08,0.0,0.18,0.1,0.25,3.65,3.85,3.89,0.0,0.12,0.25,1.23,12.65,12.5,13.43,0.06,0.64
2014-08-12,76.5,75.9,43.3,141.0,3289.0,80.0,3509.0,1725.0,1640.0,99.0,-94.0,3369.0,140.0,56.83,283.95,108.85,240.8,269.8,112.73,67.09,3.83,89.51,2.18,46.95,47.06,44.63,3.82,22.4,54.0,0.0,37.23,39.28,8.5,28.63,15.33,87.5,0.55,37.0,39.98,46.3,17.11,12.38,12.2,69.0,68.75,80.05,0.24,13.29,0.18,0.2,2.87,1.99,3.08,0.0,0.18,0.1,0.25,3.85,4.0,4.04,0.0,0.17,0.25,1.23,12.65,12.5,13.43,0.06,0.64
2014-09-11,76.5,75.9,43.3,141.0,3289.0,80.0,3509.0,1730.0,1645.0,99.0,-94.0,3379.0,130.0,56.84,283.13,108.92,239.93,269.05,112.93,66.91,3.83,89.51,2.18,47.08,47.19,44.77,3.55,22.4,54.0,0.0,37.23,39.28,8.5,28.63,15.33,86.7,0.6,36.0,39.0,46.4,17.23,12.38,12.2,69.0,68.75,80.1,0.24,13.24,0.18,0.2,2.87,1.94,3.03,0.0,0.22,0.1,0.25,3.85,4.0,4.04,0.0,0.17,0.25,1.23,12.65,12.5,13.43,0.06,0.64
2014-10-10,76.8,76.3,44.0,141.0,3358.0,72.0,3570.0,1734.0,1647.0,98.0,0.0,3478.0,92.0,56.84,285.01,108.9,239.21,270.87,113.39,66.49,3.83,91.39,1.95,47.19,49.85,44.82,2.5,22.4,54.0,0.0,36.18,38.23,8.5,29.68,15.33,86.7,0.6,36.0,39.0,46.83,16.8,12.38,12.2,69.0,68.75,80.1,0.24,13.24,0.18,0.2,2.87,1.94,3.03,0.0,0.22,0.1,0.25,3.85,4.0,4.04,0.0,0.17,0.25,1.23,12.65,12.5,13.43,0.06,0.64
2014-11-10,76.8,76.3,44.0,141.0,3358.0,72.0,3570.0,1734.0,1647.0,98.0,0.0,3478.0,92.0,56.28,285.01,110.29,239.55,272.0,112.73,66.85,3.83,91.39,1.95,47.19,49.85,44.82,2.5,21.81,54.0,0.0,36.18,38.97,7.84,29.0,15.33,86.7,0.6,36.0,39.0,46.83,16.8,12.38,12.2,70.36,68.85,80.3,0.22,14.43,0.18,0.2,2.89,1.94,3.05,0.0,0.23,0.1,0.25,3.7,3.9,3.94,0.0,0.12,0.28,1.23,12.95,12.8,13.73,0.06,0.67
2014-12-10,76.8,76.3,44.0,141.0,3358.0,72.0,3570.0,1734.0,1647.0,98.0,0.0,3478.0,92.0,56.28,285.3,110.44,239.83,272.62,112.83,66.58,3.83,91.39,1.95,47.19,49.85,44.82,2.5,21.81,54.0,0.0,36.18,38.97,7.84,29.0,15.33,86.7,0.61,36.28,39.28,46.83,16.53,12.38,12.2,70.36,68.85,80.3,0.22,14.43,0.18,0.2,2.89,1.94,3.05,0.0,0.23,0.1,0.25,3.7,3.9,3.94,0.0,0.12,0.28,1.23,12.95,12.8,13.73,0.06,0.67
2015-01-12,76.8,76.3,44.0,141.0,3358.0,72.0,3570.0,1734.0,1647.0,97.0,0.0,3478.0,92.0,57.15,283.74,110.51,240.32,272.4,112.83,66.16,3.83,91.39,1.95,47.19,49.85,44.82,2.5,21.81,54.0,0.0,36.18,38.97,7.84,29.0,15.33,86.7,0.61,36.28,39.28,46.83,16.53,12.38,12.2,70.36,68.85,80.3,0.22,14.43,0.18,0.2,2.89,1.94,3.05,0.0,0.23,0.1,0.25,3.7,3.9,3.94,0.0,0.12,0.23,1.23,12.99,13.59,14.17,0.06,0.22
2015-02-10,76.8,76.3,44.0,141.0,3358.0,72.0,3570.0,1734.0,1647.0,97.0,0.0,3478.0,92.0,57.29,283.74,110.85,240.8,272.9,112.72,66.25,3.83,91.39,1.95,47.19,49.85,44.82,2.5,21.81,54.0,0.0,36.17,38.97,7.84,29.0,15.33,86.7,0.61,36.28,39.28,46.83,16.53,12.38,12.2,70.36,68.85,80.3,0.22,14.43,0.18,0.2,2.89,1.94,3.05,0.0,0.23,0.1,0.25,3.7,3.9,3.94,0.0,0.12,0.23,1.23,12.99,13.59,14.17,0.06,0.22
2015-03-10,76.8,76.3,44.0,141.0,3358.0,72.0,3570.0,1734.0,1647.0,97.0,0.0,3478.0,92.0,57.39,283.74,111.25,240.85,273.02,113.04,66.32,3.83,91.39,1.95,47.19,49.85,44.82,2.5,21.81,54.0,0.0,36.17,38.97,7.84,29.0,15.33,86.7,0.61,36.28,39.28,46.83,16.53,12.38,12.2,70.36,68.85,80.3,0.22,14.43,0.18,0.2,2.89,1.94,3.05,0.0,0.23,0.1,0.25,3.84,4.03,4.07,0.0,0.13,0.23,1.23,12.99,13.59,14.17,0.06,0.22
2015-04-09,76.8,76.3,44.0,141.0,3358.0,72.0,3570.0,1734.0,1647.0,97.0,0.0,3478.0,92.0,57.4,283.63,111.25,240.85,273.02,112.94,66.32,3.83,91.39,1.95,47.19,49.85,44.82,2.5,21.81,54.0,0.0,36.17,38.97,7.84,29.0,15.33,86.7,0.61,36.28,39.28,46.83,16.53,12.38,12.2,70.36,68.85,80.3,0.22,14.43,0.18,0.2,2.89,1.94,3.05,0.0,0.23,0.1,0.25,3.84,4.03,4.07,0.0,0.13,0.23,1.23,12.99,13.59,14.17,0.06,0.22
2014-05-09,81.5,80.5,45.2,130.0,3635.0,15.0,3780.0,1715.0,1625.0,92.0,18.0,3450.0,330.0,66.98,299.82,108.33,248.45,280.58,112.33,82.23,3.53,98.93,0.41,46.68,49.67,44.23,8.98,28.05,54.0,0.0,39.8,41.9,9.0,31.16,18.51,91.0,0.15,37.1,40.1,45.0,24.56,13.7,12.0,72.0,72.5,83.9,0.3,13.5,0.17,0.21,2.8,1.95,3.01,0.0,0.17,0.12,0.29,3.74,3.97,4.0,0.0,0.15,0.44,1.25,12.5,12.58,13.51,0.07,0.61
2014-06-11,81.5,80.5,45.2,125.0,3635.0,15.0,3775.0,1715.0,1625.0,92.0,18.0,3450.0,325.0,67.17,299.99,108.68,248.45,280.63,112.33,82.88,3.4,98.93,0.41,46.68,49.67,44.23,8.84,28.55,54.0,0.0,39.8,41.9,9.0,31.66,17.91,91.0,0.5,37.1,40.1,45.0,24.31,13.7,12.0,72.0,72.5,83.9,0.3,13.5,0.17,0.21,2.8,1.95,3.01,0.0,0.17,0.12,0.29,3.74,3.97,4.0,0.0,0.15,0.59,1.43,12.5,12.58,13.56,0.07,0.88
2014-07-11,84.8,84.1,45.2,140.0,3800.0,15.0,3955.0,1755.0,1675.0,92.0,19.0,3541.0,415.0,67.24,304.79,109.87,250.91,283.31,113.29,85.31,3.82,103.42,0.41,47.76,50.78,45.59,11.28,28.55,54.0,0.0,39.8,41.9,8.5,32.16,17.66,91.0,0.5,37.1,40.1,45.0,24.06,13.29,12.0,73.0,73.5,84.9,0.3,13.09,0.18,0.21,2.8,1.95,3.01,0.0,0.17,0.12,0.29,3.74,3.97,4.0,0.0,0.15,0.64,1.43,12.5,12.63,13.61,0.07,0.88
2014-08-12,84.8,84.1,45.4,140.0,3816.0,15.0,3971.0,1755.0,1675.0,92.0,19.0,3541.0,430.0,67.09,304.69,110.55,250.9,283.4,113.32,85.62,3.82,103.85,0.41,47.76,50.78,45.59,11.71,28.63,54.0,0.0,39.8,41.9,8.5,32.23,17.11,91.0,0.5,37.1,40.1,45.0,23.51,13.29,12.0,73.0,73.5,84.9,0.3,13.09,0.18,0.21,2.8,1.95,3.01,0.0,0.17,0.17,0.29,3.9,4.1,4.14,0.0,0.22,0.64,1.47,12.5,12.66,13.64,0.07,0.9
2014-09-11,84.8,84.1,46.6,130.0,3913.0,15.0,4058.0,1770.0,1700.0,92.0,22.0,3583.0,475.0,66.91,311.13,112.5,252.08,284.98,115.4,90.17,3.55,106.5,0.41,48.17,51.26,46.27,12.93,28.63,55.0,0.0,39.8,41.9,8.5,33.23,17.23,94.0,0.6,37.6,40.75,46.7,24.38,13.24,12.0,74.0,73.5,84.95,0.3,13.99,0.22,0.21,2.9,1.97,3.07,0.0,0.26,0.17,0.29,3.95,4.2,4.24,0.0,0.17,0.64,1.47,12.75,12.66,13.69,0.07,1.1
2014-10-10,84.2,83.4,47.1,92.0,3927.0,15.0,4034.0,1770.0,1700.0,92.0,22.0,3583.0,450.0,66.49,311.2,112.5,251.48,284.33,115.2,90.67,2.5,106.87,0.41,48.17,51.26,46.27,12.26,29.68,55.0,0.0,39.1,41.2,8.5,34.98,16.8,94.0,0.6,37.6,40.75,46.7,23.95,13.24,11.8,74.0,73.5,84.9,0.3,13.84,0.22,0.21,2.9,1.97,3.07,0.0,0.26,0.17,0.29,3.95,4.2,4.24,0.0,0.17,0.64,1.58,12.75,12.76,13.79,0.07,1.1
2014-11-10,84.2,83.4,47.5,92.0,3958.0,15.0,4065.0,1780.0,1720.0,92.0,23.0,3615.0,450.0,66.85,312.06,112.72,251.92,285.82,115.54,90.28,2.5,107.73,0.41,48.44,51.57,46.81,12.25,29.0,55.0,0.0,38.05,41.15,8.2,34.65,16.8,94.0,0.6,37.6,40.75,46.7,23.95,14.43,11.8,74.0,74.5,85.9,0.3,14.03,0.23,0.21,2.9,1.97,3.07,0.0,0.27,0.12,0.29,3.95,4.2,4.24,0.0,0.12,0.67,1.58,12.75,12.8,13.83,0.07,1.09
2014-12-10,84.2,83.4,47.5,92.0,3958.0,15.0,4065.0,1780.0,1760.0,92.0,23.0,3655.0,410.0,66.58,312.81,112.77,251.87,286.07,116.22,89.87,2.5,107.73,0.41,48.44,51.57,47.9,11.16,29.0,55.0,0.0,38.05,41.15,8.0,34.85,16.53,94.0,0.6,37.6,40.75,46.0,24.38,14.43,11.8,74.0,74.5,85.9,0.3,14.03,0.23,0.21,2.9,1.97,3.07,0.0,0.27,0.12,0.29,3.95,4.2,4.24,0.0,0.12,0.67,1.58,12.75,12.8,13.83,0.07,1.09
2015-01-12,83.7,83.1,47.8,92.0,3969.0,15.0,4076.0,1780.0,1770.0,92.0,24.0,3666.0,410.0,66.16,314.37,112.99,252.53,286.25,116.49,90.78,2.5,108.01,0.41,48.44,51.6,48.17,11.16,29.0,55.0,0.0,38.05,41.15,8.0,34.85,16.53,95.5,0.55,37.6,40.75,46.0,25.83,14.43,11.8,74.0,74.5,85.9,0.3,14.03,0.23,0.21,2.9,1.97,3.07,0.0,0.27,0.12,0.29,3.95,4.2,4.24,0.0,0.12,0.22,1.72,12.75,13.6,14.28,0.06,0.34
2015-02-10,83.7,83.1,47.8,92.0,3969.0,25.0,4086.0,1795.0,1790.0,92.0,24.0,3701.0,385.0,66.25,315.06,113.66,254.52,288.53,117.18,89.26,2.5,108.01,0.68,48.85,52.0,48.72,10.48,29.0,56.0,0.0,39.18,42.28,8.0,34.72,16.53,94.5,0.55,37.6,40.75,46.0,24.83,14.43,12.35,74.0,74.5,86.2,0.35,14.23,0.23,0.21,2.9,1.97,3.07,0.0,0.27,0.12,0.29,3.95,4.2,4.24,0.0,0.12,0.22,1.72,12.75,13.6,14.28,0.06,0.34
2015-03-10,83.7,83.1,47.8,92.0,3969.0,25.0,4086.0,1795.0,1790.0,92.0,24.0,3701.0,385.0,66.32,315.06,114.08,254.19,288.5,117.42,89.53,2.5,108.01,0.68,48.85,52.0,48.72,10.48,29.0,56.0,0.0,39.18,42.28,8.0,34.72,16.53,94.5,0.3,37.6,40.75,46.0,24.58,14.43,12.35,74.0,74.5,86.2,0.25,14.33,0.23,0.21,2.9,1.97,3.09,0.0,0.25,0.13,0.29,4.05,4.25,4.29,0.0,0.18,0.22,1.72,12.75,13.6,14.28,0.07,0.34
2015-04-09,83.7,83.1,47.8,92.0,3969.0,30.0,4091.0,1795.0,1790.0,98.0,38.0,3721.0,370.0,66.32,315.46,114.21,253.99,288.92,117.52,89.55,2.5,108.01,0.82,48.85,52.56,48.72,10.06,29.0,57.0,0.0,39.18,42.28,8.0,35.72,16.53,94.5,0.3,37.6,40.75,46.0,24.58,14.43,12.35,74.0,74.35,86.2,0.25,14.33,0.23,0.21,2.9,1.97,3.09,0.0,0.25,0.13,0.29,4.05,4.25,4.29,0.0,0.18,0.22,1.72,12.75,13.6,14.28,0.07,0.34
2015-05-12,83.7,83.1,47.8,92.0,3969.0,30.0,4091.0,1805.0,1800.0,98.0,38.0,3741.0,350.0,63.4,317.25,114.15,254.48,291.76,117.5,85.54,2.5,108.01,0.82,49.12,52.83,48.99,9.51,26.05,58.5,0.0,39.6,44.6,8.0,31.95,16.53,94.5,0.3,37.6,40.75,45.65,24.93,14.43,12.35,73.5,73.85,85.7,0.2,14.38,0.23,0.23,2.85,1.97,3.04,0.0,0.26,0.12,0.36,4.0,4.25,4.29,0.0,0.18,0.28,1.69,12.75,13.55,14.37,0.08,0.27
2015-06-10,83.7,83.1,47.8,92.0,3969.0,30.0,4091.0,1815.0,1810.0,98.0,38.0,3761.0,330.0,62.77,318.25,114.6,256.88,293.97,117.95,83.7,2.5,108.01,0.82,49.4,53.1,49.26,8.97,26.05,59.5,0.0,39.6,44.6,8.0,32.95,15.95,94.5,0.4,39.3,42.45,45.65,22.75,14.43,12.35,73.5,73.85,85.7,0.2,14.38,0.23,0.23,2.85,1.97,3.04,0.0,0.26,0.12,0.36,4.03,4.28,4.32,0.0,0.18,0.28,1.69,12.75,13.55,14.37,0.08,0.27
2015-07-10,83.7,83.1,47.8,92.0,3969.0,30.0,4091.0,1830.0,1825.0,99.0,82.0,3836.0,255.0,62.73,318.6,115.91,257.5,296.07,119.49,81.68,2.5,108.01,0.82,49.8,54.73,49.67,6.94,26.05,60.0,0.0,38.78,43.78,8.0,34.28,15.95,94.5,0.4,39.3,42.45,46.8,21.6,14.43,12.35,74.0,74.2,86.05,0.18,14.55,0.23,0.23,2.9,2.05,3.12,0.0,0.23,0.12,0.36,4.03,4.28,4.32,0.0,0.18,0.28,1.69,12.95,13.75,14.57,0.1,0.25
2015-08-12,83.7,83.1,47.8,92.0,3969.0,30.0,4091.0,1845.0,1825.0,98.0,83.0,3851.0,240.0,62.73,319.36,119.71,258.34,296.93,124.3,80.57,2.5,108.01,0.82,50.21,55.14,49.67,6.53,26.05,60.8,0.0,38.8,43.8,9.6,33.45,15.95,94.5,0.28,39.45,42.6,49.8,18.32,14.43,12.35,77.0,74.2,86.05,0.18,17.55,0.23,0.23,2.9,2.05,3.12,0.0,0.23,0.12,0.36,4.03,4.28,4.32,0.0,0.18,0.25,1.68,13.45,13.9,14.72,0.11,0.55
2015-09-11,83.7,83.1,47.8,92.0,3969.0,33.0,4094.0,1870.0,1835.0,98.0,81.0,3884.0,210.0,62.7,319.37,119.82,259.64,298.28,124.88,78.73,2.5,108.01,0.9,50.89,55.76,49.94,5.71,26.05,60.8,0.0,39.48,44.48,9.6,32.78,15.95,94.5,0.28,39.4,42.55,50.0,18.17,14.43,12.35,77.0,74.2,86.05,0.18,17.55,0.23,0.23,2.9,2.05,3.12,0.0,0.23,0.12,0.36,4.03,4.28,4.32,0.0,0.18,0.25,1.69,13.45,13.9,14.72,0.12,0.54
2015-10-09,83.3,82.6,47.5,92.0,3927.0,33.0,4052.0,1875.0,1843.0,97.0,46.0,3861.0,191.0,62.77,318.95,120.2,260.54,297.89,126.05,77.97,2.5,106.88,0.9,51.03,54.91,50.17,5.21,26.05,60.8,0.0,40.0,45.0,9.6,32.25,15.95,96.2,0.28,39.5,42.6,51.11,18.71,14.43,12.35,77.0,74.2,86.05,0.18,17.55,0.23,0.23,2.95,2.12,3.19,0.0,0.21,0.12,0.36,4.03,4.28,4.32,0.0,0.18,0.25,1.69,13.55,14.0,14.82,0.12,0.54
2015-11-10,83.3,82.6,47.5,92.0,3927.0,33.0,4052.0,1873.0,1843.0,97.0,48.0,3861.0,191.0,62.68,318.68,122.08,261.5,299.24,126.62,77.58,2.5,106.88,0.9,50.98,54.91,50.17,5.21,26.05,60.8,0.0,40.19,45.18,10.57,31.1,15.95,96.2,0.31,39.9,42.95,51.11,18.39,14.13,12.35,78.35,74.5,86.7,0.14,17.98,0.23,0.23,2.95,2.12,3.19,0.0,0.21,0.12,0.36,4.03,4.28,4.32,0.0,0.18,0.53,1.81,13.55,14.1,14.94,0.12,0.83
2015-12-09,83.3,82.6,47.5,92.0,3927.0,33.0,4052.0,1873.0,1843.0,97.0,48.0,3861.0,191.0,62.57,319.0,121.9,262.38,299.86,125.96,77.66,2.5,106.88,0.9,50.98,54.91,50.17,5.21,26.05,61.4,0.0,40.23,45.22,10.57,31.66,15.95,96.2,0.31,39.93,42.98,50.61,18.86,14.13,12.35,78.35,74.5,86.7,0.14,17.98,0.23,0.23,3.0,2.15,3.24,0.0,0.22,0.12,0.36,3.82,4.18,4.21,0.0,0.08,0.53,1.81,13.16,14.1,14.94,0.12,0.45
2016-01-12,83.3,82.6,47.5,92.0,3927.0,33.0,4052.0,1873.0,1843.0,96.0,49.0,3862.0,191.0,62.36,318.8,122.23,262.67,300.5,125.96,76.93,2.5,106.88,0.9,50.98,54.93,50.17,5.19,26.05,61.4,0.0,40.24,45.22,10.57,31.66,16.02,96.2,0.31,39.93,42.9,50.61,19.01,13.88,12.15,78.35,74.5,87.2,0.14,17.03,0.23,0.23,3.0,2.15,3.24,0.0,0.22,0.12,0.36,3.82,4.18,4.21,0.0,0.08,0.53,1.81,13.39,14.2,15.04,0.12,0.58
2016-02-09,83.3,82.6,47.5,92.0,3927.0,33.0,4052.0,1873.0,1843.0,96.0,49.0,3862.0,191.0,62.43,318.8,122.23,262.67,300.5,125.88,77.08,2.5,106.88,0.9,50.98,54.93,50.17,5.19,26.05,61.4,0.0,40.24,45.22,10.57,31.66,16.02,96.2,0.31,39.93,42.9,50.61,19.01,13.88,12.15,78.35,74.5,87.2,0.14,17.03,0.23,0.23,3.0,2.15,3.24,0.0,0.22,0.12,0.36,3.82,4.18,4.21,0.0,0.08,0.53,1.81,13.39,14.2,15.04,0.12,0.58
2016-03-09,83.3,82.6,47.5,92.0,3927.0,33.0,4052.0,1873.0,1843.0,96.0,49.0,3862.0,191.0,61.67,318.57,122.15,262.39,299.36,125.88,77.14,2.5,106.88,0.9,50.98,54.93,50.17,5.19,25.37,61.4,0.0,40.24,44.4,10.57,31.8,16.02,96.2,0.31,39.93,42.9,50.61,19.01,13.88,12.15,78.35,74.5,87.2,0.14,17.03,0.23,0.23,3.0,2.15,3.24,0.0,0.22,0.12,0.36,3.82,4.18,4.21,0.0,0.08,0.53,1.81,13.39,14.2,15.04,0.12,0.58
2016-04-12,83.3,82.6,47.5,92.0,3927.0,33.0,4052.0,1873.0,1843.0,96.0,49.0,3862.0,191.0,61.77,319.55,122.08,262.08,299.69,125.97,77.73,2.5,106.88,0.9,50.98,54.93,50.17,5.19,25.27,61.4,0.0,40.24,44.4,10.57,31.7,16.02,97.2,0.31,40.44,43.41,50.61,19.5,13.88,12.15,78.35,74.5,87.2,0.14,17.03,0.23,0.23,3.0,2.15,3.24,0.0,0.22,0.12,0.36,3.82,4.18,4.21,0.0,0.08,0.62,1.83,13.39,13.6,15.07,0.12,0.66
2015-05-12,84.6,83.7,46.0,350.0,3850.0,30.0,4230.0,1825.0,1775.0,92.0,38.0,3729.0,500.0,85.54,317.3,119.63,266.22,304.28,121.98,96.22,9.51,104.78,0.82,49.67,53.19,48.31,13.61,31.95,57.0,0.0,42.5,47.6,8.5,32.85,24.93,97.0,0.55,38.5,41.73,49.75,31.0,14.38,11.5,77.5,77.1,89.25,0.25,13.88,0.26,0.22,2.85,1.97,3.05,0.0,0.28,0.18,0.36,4.05,4.35,4.39,0.0,0.2,0.27,1.9,12.8,13.7,14.53,0.1,0.34
2015-06-10,84.6,83.7,46.0,330.0,3850.0,30.0,4210.0,1830.0,1775.0,92.0,38.0,3734.0,475.0,83.7,317.58,119.73,267.79,305.64,122.15,93.22,8.97,104.78,0.82,49.8,53.33,48.31,12.93,32.95,57.0,0.0,42.5,47.6,8.5,33.85,22.75,97.0,0.45,39.5,42.73,49.75,27.72,14.38,11.5,77.5,77.1,89.25,0.25,13.88,0.26,0.22,2.85,1.97,3.05,0.0,0.28,0.18,0.36,4.05,4.35,4.39,0.0,0.2,0.27,1.98,12.8,13.8,14.63,0.1,0.32
2015-07-10,85.1,84.4,46.0,255.0,3885.0,30.0,4170.0,1840.0,1775.0,92.0,38.0,3744.0,425.0,81.68,318.92,120.77,268.08,306.23,123.34,91.8,6.94,105.73,0.82,50.08,53.6,48.31,11.58,34.28,57.0,0.0,41.5,46.6,8.7,35.98,21.6,97.0,0.45,39.5,42.73,50.75,25.57,14.55,11.5,77.5,77.3,89.45,0.2,13.9,0.23,0.22,2.85,1.97,3.05,0.0,0.25,0.18,0.36,4.05,4.35,4.39,0.0,0.2,0.25,1.98,13.1,14.1,14.93,0.1,0.3
2015-08-12,84.3,83.5,46.9,240.0,3916.0,30.0,4186.0,1860.0,1725.0,92.0,40.0,3717.0,470.0,80.57,320.05,123.3,271.61,309.86,127.18,86.88,6.53,106.59,0.82,50.62,54.21,46.95,12.78,33.45,57.0,0.0,41.5,46.6,9.75,34.1,18.32,97.0,0.25,39.55,42.77,54.5,18.3,17.55,11.5,79.0,79.5,91.7,0.2,16.15,0.23,0.22,2.85,1.97,3.05,0.0,0.25,0.18,0.36,4.05,4.35,4.39,0.0,0.2,0.55,1.95,13.5,14.5,15.33,0.1,0.57
2015-09-11,84.3,83.5,47.1,210.0,3935.0,30.0,4175.0,1870.0,1725.0,92.0,38.0,3725.0,450.0,78.73,319.61,123.22,271.79,310.1,126.48,84.98,5.71,107.1,0.82,50.89,54.43,46.95,12.26,32.78,57.0,0.0,41.5,46.6,9.75,33.43,18.17,97.0,0.25,39.55,42.77,54.5,18.15,17.55,11.5,79.0,79.5,91.7,0.2,16.15,0.23,0.22,2.85,1.97,3.05,0.0,0.25,0.18,0.36,4.05,4.35,4.39,0.0,0.2,0.54,1.95,13.5,14.5,15.33,0.1,0.56
2015-10-09,83.2,82.4,47.2,191.0,3888.0,30.0,4109.0,1880.0,1675.0,92.0,38.0,3685.0,425.0,77.97,320.49,123.92,272.39,310.47,126.77,85.14,5.21,105.81,0.82,51.17,54.69,45.59,11.56,32.25,57.0,0.0,41.5,46.6,9.75,32.9,18.71,100.0,0.25,39.55,42.77,56.45,19.74,17.55,11.5,79.0,79.5,91.7,0.2,16.15,0.21,0.22,2.9,2.02,3.1,0.0,0.23,0.18,0.36,4.05,4.35,4.39,0.0,0.2,0.54,2.03,13.6,14.7,15.53,0.1,0.54
2015-11-10,83.2,82.4,48.3,191.0,3981.0,30.0,4203.0,1890.0,1715.0,92.0,41.0,3738.0,465.0,77.58,321.02,125.67,273.36,312.33,129.08,82.86,5.21,108.35,0.82,51.44,55.06,46.68,12.65,31.1,57.0,0.0,42.0,47.05,10.75,30.3,18.39,100.0,0.3,40.0,43.1,57.0,18.59,17.98,11.5,80.5,80.25,93.2,0.2,16.58,0.21,0.22,2.9,2.02,3.1,0.0,0.23,0.18,0.36,4.05,4.35,4.39,0.0,0.2,0.83,2.05,13.7,14.8,15.67,0.1,0.81
2015-12-09,83.2,82.4,48.3,191.0,3981.0,30.0,4203.0,1890.0,1715.0,92.0,41.0,3738.0,465.0,77.66,320.11,126.76,273.73,312.32,129.62,82.58,5.21,108.35,0.82,51.44,55.06,46.68,12.65,31.66,57.0,0.0,42.0,47.05,11.25,30.36,18.86,100.0,0.3,40.0,43.1,57.0,19.06,17.98,11.5,80.5,80.25,93.2,0.2,16.58,0.22,0.22,2.9,2.02,3.1,0.0,0.24,0.08,0.36,4.05,4.35,4.39,0.0,0.1,0.45,2.05,13.7,14.8,15.67,0.1,0.43
2016-01-12,82.7,81.8,48.0,191.0,3930.0,30.0,4150.0,1890.0,1690.0,92.0,39.0,3711.0,440.0,76.93,319.01,127.16,275.35,314.04,129.79,79.28,5.19,106.95,0.82,51.44,55.0,45.99,11.96,31.66,57.0,0.0,42.85,47.9,11.8,28.96,19.01,100.0,0.3,40.0,43.0,57.0,19.31,17.03,12.0,80.5,80.7,94.15,0.2,15.18,0.22,0.22,2.9,2.02,3.1,0.0,0.24,0.08,0.36,4.05,4.35,4.39,0.0,0.1,0.58,2.05,13.7,14.8,15.67,0.1,0.56
2016-02-09,82.7,81.8,48.0,191.0,3930.0,30.0,4150.0,1880.0,1690.0,92.0,39.0,3701.0,450.0,77.08,320.51,127.19,275.86,314.52,129.85,80.42,5.19,106.95,0.82,51.17,54.73,45.99,12.23,31.66,58.5,0.0,43.5,48.56,11.8,29.8,19.01,100.0,0.3,40.0,43.0,57.0,19.31,17.03,12.0,80.5,80.7,94.15,0.2,15.18,0.22,0.22,2.9,2.02,3.1,0.0,0.24,0.08,0.36,4.05,4.35,4.39,0.0,0.1,0.58,2.05,13.7,14.8,15.67,0.1,0.56
2016-03-09,82.7,81.8,48.0,191.0,3929.0,30.0,4150.0,1870.0,1690.0,96.0,34.0,3690.0,460.0,77.14,320.21,128.16,278.04,315.75,130.9,78.87,5.19,106.93,0.82,50.89,54.43,45.99,12.51,31.8,58.5,0.0,45.7,49.85,11.8,28.65,19.01,100.0,0.3,40.0,43.0,58.0,18.31,17.03,12.0,82.0,81.8,95.25,0.2,15.58,0.22,0.22,2.9,2.02,3.1,0.0,0.24,0.08,0.36,3.85,4.15,4.19,0.0,0.1,0.58,2.05,13.2,14.3,15.17,0.15,0.51
2016-04-12,82.7,81.8,48.0,191.0,3929.0,30.0,4150.0,1870.0,1705.0,95.0,34.0,3705.0,445.0,77.73,320.15,129.85,277.66,316.35,132.36,79.02,5.19,106.93,0.82,50.89,54.42,46.4,12.11,31.7,59.0,0.05,45.7,50.05,11.4,29.3,19.5,100.0,0.3,40.0,43.0,59.5,17.3,17.03,11.8,83.0,81.8,95.25,0.15,16.43,0.22,0.22,3.1,2.2,3.3,0.0,0.24,0.08,0.36,3.95,4.25,4.29,0.0,0.1,0.66,2.2,13.2,13.8,15.32,0.15,0.59
2016-05-10,82.7,81.8,48.0,191.0,3929.0,30.0,4150.0,1880.0,1740.0,95.0,34.0,3750.0,400.0,78.08,315.86,131.08,279.41,318.17,132.58,74.25,5.19,106.93,0.82,51.17,54.7,47.36,10.89,31.7,56.5,0.05,45.7,50.05,11.4,26.8,19.5,99.0,0.3,40.0,43.0,59.5,16.3,17.03,11.8,83.0,81.8,95.25,0.15,16.43,0.22,0.24,3.1,2.2,3.32,0.0,0.24,0.07,0.33,3.95,4.25,4.29,0.0,0.06,0.66,2.2,13.2,13.8,15.32,0.15,0.59
2016-06-10,82.7,81.8,48.0,191.0,3929.0,30.0,4150.0,1890.0,1760.0,95.0,34.0,3780.0,370.0,78.3,313.26,130.78,279.33,318.01,132.04,72.29,5.19,106.93,0.82,51.44,54.97,47.9,10.07,31.92,56.5,0.05,45.7,50.05,11.4,27.02,19.5,97.0,0.3,40.0,43.0,58.75,15.05,17.03,11.6,83.0,81.8,95.25,0.15,16.23,0.22,0.24,3.1,2.2,3.32,0.0,0.24,0.07,0.33,3.95,4.25,4.29,0.0,0.06,0.66,2.2,13.2,13.8,15.32,0.15,0.59
2016-07-12,82.7,81.8,48.0,191.0,3929.0,25.0,4145.0,1890.0,1795.0,97.0,12.0,3794.0,350.0,78.41,312.36,130.37,279.2,317.34,131.64,72.17,5.19,106.93,0.68,51.44,54.42,48.85,9.54,31.92,56.5,0.05,45.7,50.05,11.4,27.02,19.5,96.5,0.35,40.7,43.7,57.2,15.45,17.03,11.6,83.0,81.8,95.25,0.15,16.23,0.22,0.24,3.1,2.2,3.32,0.0,0.24,0.07,0.33,3.95,4.25,4.29,0.0,0.06,0.66,2.2,13.2,13.8,15.32,0.15,0.59
2016-08-12,82.7,81.8,48.0,191.0,3929.0,25.0,4145.0,1900.0,1880.0,97.0,12.0,3889.0,255.0,78.46,312.67,131.88,278.65,317.2,132.8,73.0,5.19,106.93,0.68,51.71,54.69,51.17,6.95,31.92,56.5,0.6,44.25,48.6,10.5,29.92,19.5,96.5,0.45,40.7,43.7,56.6,16.15,17.03,11.6,83.0,81.8,95.5,0.15,15.98,0.18,0.24,3.25,2.4,3.55,0.0,0.12,0.07,0.33,3.95,4.25,4.29,0.0,0.06,0.69,2.26,13.6,14.0,15.58,0.15,0.82
2016-09-12,82.7,81.8,48.0,191.0,3929.0,25.0,4145.0,1900.0,1940.0,97.0,12.0,3949.0,195.0,78.46,312.97,130.86,277.75,316.3,133.09,72.9,5.19,106.93,0.68,51.71,54.69,52.8,5.32,31.92,56.8,0.6,44.0,48.35,10.3,30.67,19.5,96.5,0.45,40.7,43.7,55.5,17.25,17.03,11.6,82.5,81.8,95.5,0.12,15.51,0.18,0.24,3.25,2.4,3.55,0.0,0.12,0.07,0.33,3.95,4.25,4.29,0.0,0.06,0.69,2.26,13.7,14.0,15.58,0.15,0.92
2016-10-12,82.7,81.7,48.0,191.0,3926.0,24.0,4140.0,1886.0,1936.0,97.0,24.0,3943.0,197.0,78.56,313.01,131.65,275.94,315.24,132.54,75.45,5.19,106.86,0.64,51.34,54.63,52.69,5.36,31.92,56.8,0.65,43.3,47.67,10.3,31.4,19.5,96.5,0.41,39.9,43.4,54.38,18.63,17.03,11.6,82.5,81.3,95.0,0.12,16.01,0.18,0.24,3.25,2.4,3.55,0.0,0.12,0.07,0.33,4.07,4.35,4.39,0.0,0.08,0.69,2.26,14.2,14.4,15.98,0.15,1.02
2016-11-09,82.7,81.7,48.0,191.0,3926.0,24.0,4140.0,1886.0,1936.0,97.0,24.0,3943.0,197.0,78.6,313.2,132.96,276.18,315.54,132.14,77.07,5.19,106.86,0.64,51.34,54.63,52.69,5.36,31.92,56.8,0.68,43.23,47.62,9.92,31.85,19.5,96.5,0.41,39.9,43.4,54.38,18.63,17.01,11.79,83.23,81.3,95.0,0.11,16.91,0.21,0.24,3.19,2.28,3.43,0.0,0.21,0.07,0.33,4.13,4.4,4.45,0.0,0.08,0.69,2.26,14.6,14.8,16.38,0.15,1.02
2016-12-09,82.7,81.7,48.0,191.0,3926.0,24.0,4140.0,1886.0,1936.0,97.0,24.0,3943.0,197.0,78.61,313.31,132.99,276.41,315.74,131.95,77.22,5.19,106.86,0.64,51.34,54.63,52.69,5.36,31.92,56.8,0.68,43.23,47.52,9.92,31.95,19.5,96.5,0.41,39.9,43.4,54.38,18.63,17.01,11.79,83.23,81.3,95.0,0.11,16.91,0.21,0.24,3.19,2.28,3.43,0.0,0.21,0.07,0.33,4.13,4.4,4.45,0.0,0.08,0.69,2.26,14.73,15.0,16.58,0.14,0.95
2017-01-12,82.7,81.7,48.0,191.0,3926.0,24.0,4140.0,1886.0,1936.0,97.0,25.0,3944.0,197.0,78.05,313.53,133.31,276.76,315.53,132.18,77.19,5.19,106.86,0.64,51.34,54.64,52.69,5.35,31.92,56.8,0.68,43.23,47.52,9.92,31.95,19.5,96.5,0.41,39.9,43.4,54.38,18.63,17.01,11.79,83.23,81.3,95.0,0.11,16.91,0.21,0.24,3.19,2.28,3.43,0.0,0.21,0.07,0.33,4.13,4.4,4.45,0.0,0.08,0.68,2.26,15.01,15.1,16.68,0.14,1.12
2017-02-09,82.7,81.7,48.0,191.0,3926.0,24.0,4140.0,1886.0,1936.0,97.0,25.0,3944.0,197.0,78.05,312.97,133.49,276.31,315.04,132.28,77.19,5.19,106.86,0.64,51.34,54.64,52.69,5.35,31.92,56.8,0.68,43.23,47.52,9.92,31.95,19.5,96.5,0.41,39.9,43.4,54.38,18.63,17.01,11.79,83.23,81.3,95.0,0.11,16.91,0.21,0.24,3.19,2.28,3.38,0.0,0.26,0.07,0.33,4.13,4.4,4.45,0.0,0.08,0.68,2.26,15.01,15.1,16.68,0.14,1.12
2017-03-09,82.7,81.7,48.0,191.0,3926.0,24.0,4140.0,1886.0,1936.0,97.0,25.0,3944.0,197.0,77.49,312.81,133.34,276.26,314.92,132.13,76.59,5.19,106.86,0.64,51.34,54.64,52.69,5.35,31.92,56.8,0.68,43.23,47.52,9.92,31.95,18.93,96.5,0.41,39.9,43.4,54.38,18.05,17.01,11.79,83.23,81.3,95.0,0.11,16.91,0.21,0.24,3.19,2.28,3.38,0.0,0.26,0.07,0.33,4.13,4.4,4.45,0.0,0.08,0.68,2.26,15.01,15.1,16.68,0.14,1.12
2017-04-11,82.7,81.7,48.0,191.0,3926.0,24.0,4140.0,1886.0,1936.0,97.0,25.0,3944.0,197.0,77.53,313.02,133.4,275.44,314.59,132.24,77.13,5.19,106.86,0.64,51.34,54.64,52.69,5.35,31.92,56.8,0.68,43.23,47.52,9.92,31.95,18.93,96.5,0.41,39.9,43.4,54.38,18.05,17.01,11.79,83.23,81.3,95.0,0.11,16.91,0.21,0.24,3.19,2.28,3.38,0.0,0.26,0.07,0.33,4.13,4.4,4.45,0.0,0.08,0.68,2.26,15.01,15.2,16.83,0.14,0.97
2016-05-10,82.2,81.4,46.7,400.0,3800.0,30.0,4230.0,1915.0,1885.0,95.0,30.0,3925.0,305.0,74.25,324.2,136.02,288.39,327.96,138.31,68.21,10.89,103.42,0.82,52.12,55.53,51.3,8.29,26.8,57.0,0.05,44.3,48.75,10.65,24.45,16.3,103.0,0.3,40.0,43.1,60.2,16.3,16.43,12.2,87.0,87.0,100.8,0.15,14.68,0.24,0.24,3.1,2.2,3.33,0.0,0.26,0.06,0.37,4.0,4.28,4.33,0.0,0.11,0.59,2.4,12.6,13.3,14.87,0.15,0.57
2016-06-10,82.2,81.4,46.7,370.0,3800.0,30.0,4200.0,1915.0,1900.0,95.0,30.0,3940.0,260.0,72.29,323.7,136.02,288.44,327.99,137.71,66.31,10.07,103.42,0.82,52.12,55.53,51.71,7.06,27.02,57.0,0.05,44.3,48.75,10.65,24.67,15.05,103.0,0.3,40.0,43.1,59.7,15.55,16.23,12.2,87.0,87.0,100.8,0.15,14.48,0.24,0.24,3.1,2.2,3.33,0.0,0.26,0.06,0.37,4.0,4.28,4.33,0.0,0.11,0.59,2.4,12.6,13.3,14.87,0.15,0.57
2016-07-12,83.7,83.0,46.7,350.0,3880.0,30.0,4260.0,1925.0,1920.0,95.0,30.0,3970.0,290.0,72.17,325.95,136.02,289.23,328.78,138.26,67.1,9.54,105.6,0.82,52.39,55.79,52.25,7.9,27.02,57.0,0.05,44.3,48.75,10.65,24.67,15.45,103.0,0.3,40.5,43.6,59.7,15.45,16.23,12.2,87.0,87.0,100.8,0.15,14.48,0.24,0.24,3.1,2.2,3.33,0.0,0.26,0.06,0.37,4.0,4.28,4.33,0.0,0.11,0.59,2.45,12.6,13.3,14.87,0.15,0.62
2016-08-12,83.7,83.0,48.9,255.0,4060.0,30.0,4346.0,1940.0,1950.0,95.0,31.0,4016.0,330.0,73.0,330.41,136.62,289.89,329.82,138.97,71.24,6.95,110.5,0.82,52.8,56.22,53.07,8.97,29.92,57.0,0.3,44.3,48.75,10.65,27.82,16.15,103.0,0.25,40.5,43.6,59.7,16.1,15.98,12.2,87.0,87.0,101.2,0.15,13.83,0.12,0.24,3.1,2.2,3.33,0.0,0.14,0.06,0.37,4.0,4.28,4.33,0.0,0.11,0.82,2.44,13.0,13.8,15.39,0.15,0.72
2016-09-12,83.7,83.0,50.6,195.0,4201.0,30.0,4426.0,1950.0,1985.0,95.0,31.0,4061.0,365.0,72.9,330.43,135.74,288.86,328.67,138.23,72.17,5.32,114.33,0.82,53.07,56.5,54.02,9.95,30.67,57.0,0.3,44.3,48.75,10.65,28.57,17.25,101.0,0.35,40.5,43.6,58.4,16.6,15.51,12.5,86.0,87.0,101.2,0.15,12.66,0.12,0.24,3.1,2.2,3.33,0.0,0.14,0.06,0.37,4.0,4.28,4.33,0.0,0.11,0.92,2.44,13.0,13.8,15.39,0.15,0.82
2016-10-12,83.7,83.0,51.4,197.0,4269.0,30.0,4496.0,1950.0,2025.0,95.0,31.0,4101.0,395.0,75.45,333.22,136.22,288.49,328.75,138.78,77.36,5.36,116.18,0.82,53.07,56.51,55.11,10.74,31.4,57.0,0.3,44.3,48.75,9.65,30.3,18.63,102.0,0.35,40.5,44.1,58.4,18.48,16.01,12.5,86.0,86.5,100.7,0.15,13.66,0.12,0.24,3.1,2.2,3.33,0.0,0.14,0.08,0.37,4.2,4.5,4.55,0.0,0.1,1.02,2.42,13.0,13.8,15.39,0.15,0.89
2016-11-09,83.7,83.0,52.5,197.0,4361.0,30.0,4588.0,1930.0,2050.0,95.0,32.0,4108.0,480.0,77.07,336.09,136.21,288.17,328.69,139.16,81.53,5.36,118.69,0.82,52.53,56.0,55.79,13.08,31.85,57.0,0.3,44.3,48.75,9.25,31.15,18.63,102.0,0.35,40.5,44.1,58.4,18.48,16.91,12.5,86.0,86.5,100.8,0.15,14.46,0.21,0.24,3.1,2.2,3.36,0.0,0.19,0.08,0.43,4.3,4.65,4.7,0.0,0.11,1.02,2.42,13.0,13.8,15.39,0.15,0.89
2016-12-09,83.7,83.0,52.5,197.0,4361.0,30.0,4588.0,1930.0,2050.0,95.0,32.0,4108.0,480.0,77.22,338.0,136.96,289.44,330.09,139.25,82.85,5.36,118.69,0.82,52.53,56.0,55.79,13.08,31.95,57.0,0.3,43.8,48.25,9.0,32.0,18.63,102.0,0.35,40.5,44.1,58.4,18.48,16.91,12.5,86.0,86.5,100.8,0.15,14.46,0.21,0.24,3.1,2.2,3.36,0.0,0.19,0.08,0.43,4.3,4.65,4.7,0.0,0.11,0.95,2.42,13.8,14.7,16.29,0.15,0.72
2017-01-12,83.4,82.7,52.1,197.0,4307.0,25.0,4528.0,1930.0,2050.0,95.0,33.0,4108.0,420.0,77.19,337.85,137.53,290.34,330.34,139.9,82.32,5.35,117.21,0.68,52.53,56.02,55.79,11.44,31.95,57.0,1.0,44.7,49.15,9.0,31.8,18.63,104.0,0.35,40.5,44.1,59.5,19.38,16.91,12.9,86.0,86.5,100.8,0.15,14.86,0.21,0.24,3.1,2.2,3.36,0.0,0.19,0.08,0.43,4.3,4.65,4.7,0.0,0.11,1.12,2.42,13.8,14.7,16.29,0.15,0.9
2017-02-09,83.4,82.7,52.1,197.0,4307.0,25.0,4528.0,1930.0,2050.0,95.0,33.0,4108.0,420.0,77.19,336.62,137.43,290.74,330.75,140.11,80.38,5.35,117.21,0.68,52.53,56.02,55.79,11.44,31.95,55.5,1.0,45.3,49.75,9.0,29.7,18.63,104.0,0.35,40.5,44.1,59.5,19.38,16.91,12.9,86.0,86.5,100.8,0.15,14.86,0.26,0.24,3.1,2.2,3.36,0.0,0.24,0.08,0.49,4.3,4.7,4.75,0.0,0.12,1.12,2.42,13.8,14.7,16.29,0.15,0.9
2017-03-09,83.4,82.7,52.1,197.0,4307.0,25.0,4528.0,1940.0,2025.0,95.0,33.0,4093.0,435.0,76.59,340.79,138.25,291.55,331.7,141.1,82.82,5.35,117.21,0.68,52.8,56.29,55.11,11.84,31.95,55.5,1.0,45.3,49.75,9.0,29.7,18.05,108.0,0.35,41.0,44.6,61.0,20.8,16.91,12.9,87.0,86.5,101.1,0.15,15.56,0.26,0.24,3.1,2.2,3.36,0.0,0.24,0.08,0.49,4.2,4.65,4.7,0.0,0.07,1.12,2.39,13.8,14.7,16.29,0.15,0.87
2017-04-11,83.4,82.7,52.1,197.0,4307.0,25.0,4528.0,1940.0,2025.0,104.0,14.0,4083.0,445.0,77.13,345.97,140.05,291.95,332.42,143.3,87.41,5.35,117.21,0.68,52.8,56.01,55.11,12.12,31.95,56.0,1.2,45.3,49.75,9.0,30.4,18.05,111.0,0.5,41.5,45.05,61.9,22.6,16.91,12.9,88.0,86.5,101.1,0.15,16.56,0.26,0.24,3.2,2.3,3.46,0.0,0.24,0.08,0.51,4.2,4.65,4.7,0.0,0.09,0.97,2.39,14.6,15.3,16.94,0.2,0.82
2017-05-10,83.4,82.7,52.1,197.0,4307.0,25.0,4528.0,1925.0,2050.0,104.0,14.0,4093.0,435.0,77.08,348.04,140.9,290.68,331.29,144.6,90.14,5.35,117.21,0.68,52.39,55.6,55.79,11.85,31.7,57.0,1.2,44.8,49.25,9.0,31.65,18.05,111.6,0.5,41.5,45.05,61.9,23.2,16.91,12.9,89.0,86.5,101.1,0.15,17.56,0.26,0.24,3.2,2.3,3.46,0.0,0.24,0.1,0.51,4.2,4.65,4.69,0.0,0.12,1.03,2.42,14.6,15.2,16.84,0.2,1.02
2017-06-09,83.4,82.7,52.1,197.0,4307.0,25.0,4528.0,1910.0,2050.0,104.0,14.0,4078.0,450.0,77.13,351.31,140.6,290.57,331.23,144.61,93.21,5.35,117.21,0.68,51.98,55.19,55.79,12.26,31.7,57.8,1.2,45.0,49.45,8.5,32.75,18.2,114.0,0.3,41.5,45.1,62.4,25.0,16.91,12.9,89.0,86.5,101.1,0.15,17.56,0.26,0.24,3.2,2.3,3.46,0.0,0.24,0.1,0.51,4.2,4.65,4.69,0.0,0.12,1.03,2.42,14.6,15.2,16.84,0.2,1.02
2017-07-12,83.4,82.7,52.1,197.0,4307.0,25.0,4528.0,1900.0,2100.0,104.0,14.0,4118.0,410.0,77.05,351.78,142.55,290.45,331.43,145.17,94.78,5.35,117.21,0.68,51.71,54.92,57.15,11.17,31.7,57.8,1.5,45.45,49.9,8.0,33.1,18.2,114.0,0.22,41.5,45.1,61.5,25.82,16.91,12.9,91.0,86.5,101.5,0.15,19.16,0.26,0.24,3.2,2.3,3.46,0.0,0.24,0.1,0.51,4.2,4.65,4.69,0.0,0.12,1.03,2.41,14.0,14.8,16.44,0.2,0.81
2017-08-10,83.4,82.7,52.1,197.0,4307.0,25.0,4528.0,1890.0,2150.0,104.0,14.0,4158.0,370.0,77.06,351.74,142.32,288.23,329.15,144.99,96.98,5.35,117.21,0.68,51.44,54.65,58.51,10.08,31.7,57.8,1.5,44.0,48.45,7.0,35.55,18.2,114.0,0.22,41.3,44.9,61.0,26.52,16.91,12.9,91.0,86.5,101.5,0.12,19.19,0.26,0.24,3.2,2.3,3.46,0.0,0.24,0.1,0.51,4.2,4.65,4.69,0.0,0.12,1.04,2.38,13.8,14.6,16.24,0.2,0.78
2017-09-12,83.4,82.7,52.1,197.0,4307.0,25.0,4528.0,1895.0,2170.0,104.0,14.0,4183.0,345.0,77.74,351.44,142.83,288.51,329.77,146.29,95.96,5.35,117.21,0.68,51.57,54.78,59.06,9.4,31.7,57.8,1.5,44.15,48.6,6.5,35.9,18.2,114.0,0.25,41.3,44.95,62.5,25.0,16.91,12.9,92.0,87.0,102.0,0.12,19.69,0.26,0.24,3.2,2.3,3.46,0.0,0.24,0.1,0.51,4.2,4.65,4.69,0.0,0.12,1.15,2.38,13.5,14.4,16.04,0.2,0.79
2017-10-12,83.4,82.7,52.0,197.0,4296.0,22.0,4515.0,1899.0,2174.0,105.0,36.0,4214.0,301.0,77.74,351.25,143.61,288.4,330.28,147.46,94.86,5.35,116.92,0.61,51.68,55.52,59.16,8.2,31.7,57.8,1.7,43.88,48.33,6.9,35.97,18.2,114.1,0.25,41.3,44.95,63.14,24.46,16.91,12.9,92.5,87.0,102.0,0.12,20.19,0.26,0.24,3.2,2.3,3.46,0.0,0.24,0.1,0.51,4.2,4.65,4.69,0.0,0.12,1.15,2.38,13.2,14.2,15.84,0.2,0.69
2017-11-09,83.4,82.7,52.0,197.0,4296.0,22.0,4515.0,1899.0,2174.0,105.0,36.0,4214.0,301.0,78.13,351.25,144.61,288.53,330.06,147.66,96.28,5.35,116.92,0.61,51.68,55.52,59.16,8.2,31.7,57.8,1.7,43.25,47.68,7.02,36.5,18.2,114.1,0.25,41.0,44.65,63.14,24.76,16.91,12.9,93.5,88.0,102.8,0.11,20.39,0.26,0.24,3.18,2.39,3.45,0.0,0.21,0.1,0.51,4.13,4.6,4.64,0.0,0.1,1.56,2.38,13.2,14.4,16.04,0.2,0.9
2017-12-12,83.4,82.7,52.0,197.0,4296.0,22.0,4515.0,1899.0,2174.0,105.0,36.0,4214.0,301.0,77.92,351.32,144.33,288.12,329.69,147.26,96.62,5.35,116.92,0.61,51.68,55.52,59.16,8.2,31.7,57.8,1.67,43.3,47.73,7.02,36.42,18.2,114.1,0.25,40.9,44.55,63.14,24.86,16.91,12.9,93.5,88.0,102.8,0.11,20.39,0.26,0.24,3.18,2.39,3.45,0.0,0.21,0.15,0.51,4.13,4.6,4.64,0.0,0.15,1.56,2.38,13.38,14.4,16.04,0.22,1.06
2018-01-12,83.4,82.7,52.0,197.0,4296.0,22.0,4515.0,1899.0,2174.0,105.0,36.0,4213.0,302.0,78.02,351.32,144.22,288.31,329.81,147.27,96.49,5.35,116.92,0.61,51.68,55.51,59.16,8.21,31.7,57.8,1.67,43.3,47.73,7.03,36.42,18.2,114.1,0.25,40.9,44.55,63.14,24.86,16.91,12.9,93.5,88.0,102.8,0.11,20.39,0.26,0.24,3.18,2.39,3.45,0.0,0.21,0.15,0.51,4.13,4.6,4.64,0.0,0.15,1.56,2.38,13.38,14.4,16.04,0.22,1.06
2018-02-08,83.4,82.7,52.0,197.0,4296.0,22.0,4515.0,1899.0,2174.0,105.0,36.0,4213.0,302.0,77.92,351.32,144.25,288.54,330.14,147.22,96.14,5.35,116.92,0.61,51.68,55.51,59.16,8.21,31.6,57.8,1.67,43.3,47.83,7.03,36.22,18.2,114.1,0.25,40.9,44.55,63.14,24.86,16.91,12.9,93.5,88.0,102.8,0.11,20.39,0.26,0.24,3.18,2.39,3.45,0.0,0.21,0.15,0.51,4.13,4.6,4.64,0.0,0.15,1.56,2.38,13.38,14.4,16.04,0.22,1.06
2018-03-08,83.4,82.7,52.0,197.0,4296.0,22.0,4515.0,1901.0,2174.0,105.0,34.0,4213.0,302.0,78.28,351.32,144.28,288.5,329.77,147.46,96.65,5.35,116.92,0.61,51.74,55.51,59.16,8.21,31.6,57.8,1.67,43.3,47.83,7.03,36.22,18.56,114.1,0.25,40.9,44.3,63.14,25.47,16.91,12.9,93.5,88.0,102.8,0.11,20.39,0.26,0.24,3.18,2.39,3.45,0.0,0.21,0.15,0.51,4.13,4.6,4.64,0.0,0.15,1.56,2.38,13.47,14.4,16.04,0.22,1.14
2017-05-10,89.5,88.6,48.0,435.0,4255.0,25.0,4715.0,1950.0,2150.0,101.0,34.0,4235.0,480.0,90.14,344.68,147.76,301.53,344.21,149.56,88.81,11.85,115.8,0.68,53.07,56.75,58.51,13.08,31.65,57.0,1.2,45.5,50.0,9.0,30.85,23.2,107.0,0.4,42.0,45.7,63.5,21.4,17.56,13.8,93.0,91.5,106.8,0.15,17.41,0.24,0.26,3.3,2.35,3.51,0.0,0.29,0.12,0.42,4.3,4.72,4.76,0.0,0.09,1.02,2.45,15.0,15.6,17.24,0.2,1.03
2017-06-09,89.5,88.6,48.0,450.0,4255.0,25.0,4730.0,1950.0,2150.0,101.0,34.0,4235.0,495.0,93.21,344.67,147.61,301.53,344.21,149.06,92.22,12.26,115.8,0.68,53.07,56.75,58.51,13.48,32.75,57.0,1.2,45.5,50.0,8.5,32.45,25.0,107.0,0.25,42.0,45.7,63.5,23.05,17.56,13.8,93.0,91.5,106.8,0.15,17.41,0.24,0.26,3.3,2.35,3.51,0.0,0.29,0.12,0.42,4.3,4.72,4.76,0.0,0.09,1.02,2.45,15.0,15.6,17.24,0.2,1.03
2017-07-12,89.5,88.7,48.0,410.0,4260.0,25.0,4695.0,1950.0,2150.0,101.0,34.0,4235.0,460.0,94.78,345.09,148.6,302.23,345.27,149.66,93.53,11.17,115.94,0.68,53.07,56.75,58.51,12.53,33.1,57.0,1.5,45.5,50.0,8.5,33.1,25.82,107.0,0.2,42.0,45.7,64.0,23.32,19.16,14.0,94.0,92.5,108.1,0.15,18.91,0.24,0.26,3.3,2.35,3.51,0.0,0.29,0.12,0.42,4.3,4.72,4.76,0.0,0.09,0.81,2.45,14.8,15.4,17.04,0.2,0.82
2017-08-10,89.5,88.7,49.4,370.0,4381.0,25.0,4777.0,1940.0,2225.0,101.0,35.0,4301.0,475.0,96.98,347.36,147.96,300.46,343.32,151.19,97.78,10.08,119.23,0.68,52.8,56.5,60.56,12.94,35.55,57.0,1.5,44.84,49.34,8.0,36.71,26.52,107.0,0.2,42.0,45.7,64.0,24.02,19.19,14.0,94.0,92.5,108.1,0.15,18.94,0.24,0.26,3.3,2.35,3.51,0.0,0.29,0.12,0.42,4.3,4.72,4.76,0.0,0.09,0.78,2.53,14.6,15.2,16.84,0.2,0.87
2017-09-12,89.5,88.7,49.9,345.0,4431.0,25.0,4801.0,1940.0,2250.0,101.0,35.0,4326.0,475.0,95.96,348.44,148.86,300.65,344.3,151.42,97.53,9.4,120.59,0.68,52.8,56.51,61.24,12.93,35.9,57.0,1.5,44.84,49.34,8.0,37.06,25.0,107.0,0.2,42.0,45.7,64.0,22.5,19.69,14.0,95.0,93.0,109.1,0.15,19.44,0.24,0.26,3.3,2.35,3.51,0.0,0.29,0.12,0.42,4.3,4.72,4.76,0.0,0.09,0.79,2.48,14.5,15.1,16.74,0.2,0.83
2017-10-12,90.2,89.5,49.5,301.0,4431.0,25.0,4757.0,1940.0,2250.0,101.0,35.0,4326.0,430.0,94.86,347.88,148.64,301.25,344.37,150.97,96.05,8.2,120.58,0.68,52.8,56.51,61.24,11.72,35.97,57.0,1.5,44.84,49.34,8.0,37.13,24.46,107.0,0.2,42.0,45.7,64.0,21.96,20.19,14.2,95.0,94.0,109.6,0.15,19.64,0.24,0.26,3.3,2.35,3.51,0.0,0.29,0.12,0.48,4.3,4.72,4.76,0.0,0.15,0.69,2.48,14.0,14.5,16.14,0.2,0.83
2017-11-09,90.2,89.5,49.5,301.0,4425.0,25.0,4752.0,1940.0,2250.0,101.0,35.0,4326.0,425.0,96.28,348.89,150.12,301.98,344.96,152.43,97.9,8.2,120.44,0.68,52.8,56.51,61.24,11.57,36.5,57.0,1.5,44.84,49.45,8.0,37.55,24.76,108.0,0.2,42.0,45.7,65.0,22.26,20.39,14.2,97.0,95.0,110.8,0.15,20.64,0.21,0.26,3.3,2.35,3.51,0.0,0.26,0.1,0.48,4.3,4.72,4.76,0.0,0.13,0.9,2.48,14.0,14.5,16.15,0.2,1.03
2017-12-12,90.2,89.5,49.5,301.0,4425.0,25.0,4752.0,1940.0,2225.0,106.0,35.0,4306.0,445.0,96.62,348.47,150.41,301.57,344.72,152.45,98.32,8.2,120.44,0.68,52.8,56.64,60.56,12.12,36.42,57.0,1.7,44.84,49.45,8.5,37.17,24.86,108.0,0.2,42.0,45.7,65.5,21.86,20.39,14.2,97.0,95.0,110.8,0.15,20.64,0.21,0.26,3.3,2.35,3.51,0.0,0.26,0.15,0.48,4.3,4.72,4.76,0.0,0.17,1.06,2.48,14.0,14.5,16.15,0.2,1.19
2018-01-12,90.1,89.5,49.1,302.0,4392.0,25.0,4718.0,1950.0,2160.0,106.0,33.0,4248.0,470.0,96.49,348.57,150.17,301.45,344.47,152.19,98.57,8.21,119.52,0.68,53.07,56.83,58.79,12.79,36.42,56.0,1.7,44.84,49.45,8.5,36.17,24.86,110.0,0.2,42.0,45.7,67.0,22.36,20.39,14.2,97.0,95.0,110.8,0.15,20.64,0.21,0.26,3.3,2.35,3.51,0.0,0.26,0.15,0.48,4.3,4.72,4.76,0.0,0.17,1.06,2.5,14.0,14.5,16.15,0.2,1.21
2018-02-08,90.1,89.5,49.1,302.0,4392.0,25.0,4718.0,1950.0,2100.0,106.0,33.0,4188.0,530.0,96.14,346.92,150.24,300.1,343.2,151.95,98.14,8.21,119.52,0.68,53.07,56.83,57.15,14.42,36.22,54.0,1.7,43.68,48.42,8.5,35.0,24.86,112.0,0.2,42.0,45.65,69.0,22.41,20.39,14.2,97.0,95.0,110.8,0.15,20.64,0.21,0.26,3.3,2.35,3.51,0.0,0.26,0.15,0.48,4.3,4.72,4.76,0.0,0.17,1.06,2.5,14.0,14.5,16.15,0.2,1.21
2018-03-08,90.1,89.5,49.1,302.0,4392.0,25.0,4718.0,1960.0,2065.0,106.0,33.0,4163.0,555.0,96.65,340.86,151.27,300.86,343.78,150.6,94.4,8.21,119.52,0.68,53.34,57.11,56.2,15.1,36.22,47.0,2.4,43.0,47.62,6.8,31.2,25.47,113.0,0.2,43.0,46.5,70.5,21.67,20.39,14.2,97.0,95.0,110.8,0.15,20.64,0.21,0.26,3.25,2.35,3.51,0.0,0.21,0.15,0.48,4.25,4.72,4.76,0.0,0.12,1.14,2.5,14.0,14.5,16.15,0.3,1.19
